Unnamed: 0,title,video_id,published_at,keyword,likes,comments,views,pctile_7d_views,pctile_30d_views,pctile_alltime_views,like_rate,comment_rate,age_days,views_per_day,cohort_month,sentiment_var,sentiment_entropy,comment_likes_var,n_comments,frac_neg,frac_neu,frac_pos,mean_comment_likes,sentiment_var_norm,comment_likes_var_norm,sentiment_entropy_norm,controversy_score,consistent_high_performer
746,J. Holiday - Bed (Official Music Video),82t_UOMHPJY,2007-07-16,bed,515049.0,16568.0,78137822.0,100.0,100.0,97.28579031399681,0.006591545385024937,0.000212035600378009,5518,14160.533164189925,2007-07,0.41,0.9219280948830342,13932555.09,10,0.1,0.1,0.8,1740.9,0.41,0.0001629420667290182,0.5816718657171253,0.3306116025946181,True
753,J Holiday - Bed,uAwPjFq1W4s,2007-12-11,bed,119272.0,3743.0,26826274.0,100.0,100.0,94.30548163916977,0.004446088935049273,0.00013952739019962296,5370,4995.58175046555,2007-12,0.44000000000000006,1.3609640474393532,1004444.5600000002,10,0.1,0.4,0.5,894.2,0.44000000000000006,1.1747039323647804e-05,0.8586727110729979,0.43289481937077384,True
1167,Pink Floyd - We Don&#39;t Need No Education Lyrics in Description!,MAe_w9a_IN8,2008-07-25,education,50074.0,3095.0,7178954.0,100.0,100.0,85.15167642362958,0.006975110858768561,0.00043112130262988173,5143,1395.8689480847754,2008-07,0.56,1.5219280948830345,1059261.41,10,0.2,0.4,0.4,753.3,0.56,1.238812566946713e-05,0.960229717860689,0.5067473686621194,True
1433,Biology: Digestive System Video,bo2Ape8JHqA,2009-02-16,biology,132214.0,5981.0,17716356.0,100.0,100.0,92.44278871740286,0.0074628213612325245,0.0003375976414111344,4937,3588.486125177233,2009-02,0.09,0.46899559358639586,4255146.89,10,0.0,0.1,0.9,1788.1,0.09,4.976419788139192e-05,0.29590327428901314,0.12865101282896485,True
459,Ice Cube - It Was A Good Day,h4UqMyldS7Q,2009-02-24,cubes,2307773.0,71897.0,168546247.0,100.0,100.0,99.04204364023417,0.01369222418817786,0.0004265713492867035,4929,34194.81578413471,2009-02,0.24000000000000005,0.9709505944517833,81433754.76,10,0.0,0.4,0.6,3807.8,0.24000000000000005,0.0009523726420878932,0.6126016192895494,0.2845179973105458,True
764,Bon Jovi - Bed Of Roses (Official Music Video),NvR60Wg9R7Q,2009-06-17,bed,1072689.0,37571.0,302125099.0,100.0,100.0,99.46780202235232,0.003550479597856913,0.0001243557722425438,4816,62733.61690199336,2009-06,0.16,0.7219280948844771,168777.05,10,0.0,0.2,0.8,274.5,0.16,1.9738577142368825e-06,0.4554859150035144,0.20516262962040954,True
1511,"Lec 1 | MIT 6.00 Introduction to Computer Science and Programming, Fall 2008",k6U-i4gXkLM,2009-08-20,computer science,61813.0,3416.0,6091315.0,100.0,100.0,83.448642895157,0.010147726722390813,0.0005607984482825137,4752,1281.8423821548822,2009-08,0.09,0.46899559358639586,355918.80999999994,10,0.0,0.1,0.9,417.7,0.09,4.1624918124858275e-06,0.29590327428901314,0.1286358122602752,True
235,Yung Berg - The Business ft. Casha,LFtGY8pWIC0,2009-10-25,business,229141.0,7461.0,28325416.0,100.0,100.0,94.4119212346993,0.008089589928705725,0.00026340301586391527,4686,6044.689714041827,2009-10,0.44000000000000006,1.1567796494427114,8587978.44,10,0.1,0.2,0.7,1281.6,0.44000000000000006,0.00010043692251697744,0.7298466991616058,0.38998237869470764,True
757,Young Money - Bed Rock (Official Music Video),Ha80ZaecGkQ,2009-12-16,bed,1430457.0,84188.0,321977550.0,100.0,100.0,99.57424161788185,0.0044427227923189054,0.00026147164608215695,4634,69481.56020716444,2009-12,0.0,-1.4428232973175175e-12,65996437.09000001,10,0.0,0.0,1.0,4221.1,0.0,0.0007718322868082221,0.0,0.00025727742893607403,True
1139,Neon Trees - Animal,gM7Hlg75Mlo,2010-03-03,animals,338601.0,19063.0,38478475.0,100.0,100.0,95.58275678552421,0.0087997510296341,0.0004954198418726314,4557,8443.817204301075,2010-03,0.45,1.2954618442339936,24151402.09,10,0.1,0.3,0.6,2483.9,0.45,0.0002824520947900397,0.8173454221461777,0.4225426247469892,True
1126,Nickelback-Animals,DLYwwtPA49w,2010-05-30,animals,68133.0,1358.0,9253680.0,100.0,100.0,87.70622671633848,0.0073628005290868066,0.000146752427142499,4469,2070.637726560752,2010-05,0.36000000000000004,0.46899559358639586,821865.8899999999,10,0.1,0.0,0.9,752.9,0.36000000000000004,9.61177083640614e-06,0.29590327428901314,0.21863762868661651,True
783,Dru Hill - In My Bed (Official Music Video),_Ixip0K2r10,2010-09-29,bed,144517.0,4933.0,19210396.0,100.0,100.0,92.92176689728579,0.007522853771468324,0.0002567880433073842,4347,4419.230733839429,2010-09,0.6100000000000001,1.4854752972230063,166954.25,10,0.2,0.3,0.5,372.5,0.6100000000000001,1.952539958999953e-06,0.9372305632160154,0.5157441719186582,True
1410,1. Introduction to Human Behavioral Biology,NNnIGh9g6fA,2011-02-01,biology,310947.0,15981.0,14800155.0,100.0,100.0,91.5380521554018,0.021009712398282317,0.0010797859887278207,4222,3505.4843675982947,2011-02,0.16000000000000003,0.7219280948844771,144381875.03999996,10,0.0,0.2,0.8,6472.4,0.16000000000000003,0.001688554681123349,0.4554859150035144,0.2057248232282126,True
775,Rihanna - California King Bed,nhBorPm6JjQ,2011-05-07,bed,1171433.0,61344.0,308501014.0,100.0,100.0,99.52102182011708,0.0037971771463934313,0.00019884537559413014,4127,74751.88126968742,2011-05,0.16,0.7219280948844771,8775218.85,10,0.0,0.2,0.8,1652.5,0.16,0.0001026267103328883,0.4554859150035144,0.20519618057128242,True
759,Chris Brown - Wet the Bed (Audio) ft. Ludacris,Q_ljNRC8qqM,2011-09-28,bed,361395.0,9234.0,50358797.0,100.0,100.0,96.32783395423098,0.007176402565772173,0.00018336418957744363,3983,12643.433843836305,2011-09,0.09,0.46899559358639586,13275093.489999998,10,0.0,0.1,0.9,2371.1,0.09,0.00015525301391659777,0.29590327428901314,0.12868617576764324,True
1420,Carbon... SO SIMPLE: Crash Course Biology #1,QnQe0xW_JY4,2012-01-30,biology,74180.0,7794.0,7556654.0,100.0,100.0,85.84353379457158,0.009816514028563436,0.0010314088748803372,3859,1958.1896864472662,2012-01,0.44000000000000006,1.1567796494427114,3927724.0,10,0.1,0.2,0.7,1213.0,0.44000000000000006,4.5934967561012265e-05,0.7298466991616058,0.389964211376389,True
1429,ATP &amp; Respiration: Crash Course Biology #7,00jbG_cfGuQ,2012-03-12,biology,96215.0,6430.0,9552698.0,100.0,100.0,87.97232570516232,0.010072023631438992,0.0006731082674235069,3817,2502.671731726487,2012-03,0.69,1.5709505944503406,5853416.159999999,10,0.3,0.3,0.4,2793.2,0.69,6.845605277527263e-05,0.9911594714322026,0.5604093091616593,True
1461,Michio Kaku: The Universe in a Nutshell (Full Presentation) | Big Think,0NbBjNiw4tk,2012-08-15,physics,296448.0,29736.0,19097087.0,100.0,100.0,92.86854709952102,0.01552320518830961,0.0015570961162820276,3661,5216.358098880088,2012-08,0.0,-1.4428232973175175e-12,360288.05,10,0.0,0.0,1.0,382.5,0.0,4.213590336126053e-06,0.0,1.4045301120420177e-06,True
340,William Ackman: Everything You Need to Know About Finance and Investing in Under an Hour | Big Think,WEDIj9JBTC8,2012-11-27,finance,213398.0,13619.0,9450554.0,100.0,100.0,87.86588610963278,0.022580475176375903,0.0014410795388291521,3557,2656.8889513635086,2012-11,0.64,1.3709505944503406,1030425.49,10,0.2,0.2,0.6,506.1,0.64,1.2050887856985411e-05,0.8649735207176815,0.5016618572018462,True
198,The first 20 hours -- how to learn anything | Josh Kaufman | TEDxCSU,5MgBikgcWnY,2013-03-14,how-to,723998.0,14759.0,31858250.0,100.0,100.0,94.78445981905269,0.022725604827634915,0.00046327089529399763,3450,9234.27536231884,2013-03,0.16000000000000003,0.7219280948844771,127655135.68999998,10,0.0,0.2,0.8,4397.9,0.16000000000000003,0.0014929344620234946,0.4554859150035144,0.20565961648851264,True
1156,How to escape education&#39;s death valley | Sir Ken Robinson,wX78iKhInsc,2013-05-10,education,137327.0,6197.0,6216027.0,100.0,100.0,83.7679616817456,0.022092407256274788,0.000996939041609697,3393,1832.0150309460655,2013-05,0.64,1.3709505944503406,1340149.7600000002,10,0.2,0.2,0.6,1421.2,0.64,1.5673131755820518e-05,0.8649735207176815,0.5016630646164791,True
1121,Martin Garrix - Animals (Official Video),gCYcHz2k5x0,2013-06-17,animals,11025176.0,335455.0,1582262997.0,100.0,100.0,99.94678020223523,0.006967979419921933,0.00021200963470423623,3355,471613.4119225037,2013-06,0.20999999999999996,0.8812908992278072,269639858.45,10,0.0,0.3,0.7,5904.5,0.20999999999999996,0.0031534543035754772,0.5560326498764911,0.2563953680600222,True
1721,Banjaran Hindi Full Movie - Rishi Kapoor - Sridevi - Kulbhushan Kharbanda - 90&#39;s Hit Movie,y4nYf9j04Nk,2014-04-04,movies,54154.0,2892.0,15397832.0,100.0,100.0,91.85737094199042,0.003516988625411681,0.00018781864875522735,3064,5025.402088772846,2014-04,0.24000000000000005,0.9709505944517833,2224.6,10,0.0,0.6,0.4,58.0,0.24000000000000005,2.601683031603745e-08,0.6126016192895494,0.2842005484354599,True
1454,5 Fun Physics Phenomena,1Xp_imnO6WE,2014-08-06,physics,95001.0,7668.0,6312772.0,100.0,100.0,84.03406067056946,0.015049014917693844,0.0012146803337741328,2940,2147.2013605442176,2014-08,0.29000000000000004,1.1567796494427114,360125.9600000001,10,0.1,0.7,0.2,309.8,0.29000000000000004,4.211694683862309e-06,0.7298466991616058,0.3399503036187632,True
1129,Maroon 5 - Animals (Lyric Video),7BJ3ZXpserc,2014-08-22,animals,1019385.0,24603.0,193685278.0,100.0,100.0,99.20170303352847,0.0052631000689685875,0.00012702565860478048,2924,66239.83515731874,2014-08,0.44000000000000006,1.3609640474393532,11002948.81,10,0.1,0.4,0.5,2307.7,0.44000000000000006,0.0001286801457186983,0.8586727110729979,0.4329337970729055,True
1118,Maroon 5 - Animals (Official Music Video),qpgTC9MDx1o,2014-09-29,animals,5743875.0,178361.0,826423766.0,100.0,100.0,99.8403406067057,0.0069502780973992465,0.00021582268968775033,2886,286356.1212751213,2014-09,0.44000000000000006,1.3609640474393532,197072168.08999997,10,0.1,0.4,0.5,6390.1,0.44000000000000006,0.002304770815971923,0.8586727110729979,0.43365916062965665,True
338,"1. Introduction, Financial Terms and Concepts",wvXDB9dMdEo,2015-01-06,finance,53635.0,1650.0,6224649.0,100.0,100.0,83.82118147951037,0.008616550105877457,0.00026507518737201084,2787,2233.458557588805,2015-01,0.09,0.46899559358639586,126212.81000000001,10,0.0,0.1,0.9,220.3,0.09,1.4760663766431156e-06,0.29590327428901314,0.12863491678512992,True
1171,How School Makes Kids Less Intelligent | Eddy Zhong | TEDxYouth@BeaconStreet,2Yt6raj-S1M,2015-02-06,education,310589.0,23024.0,6701666.0,100.0,100.0,84.56625864821714,0.04634504315792521,0.0034355636344753676,2756,2431.6640058055154,2015-02,0.76,1.4854752972230063,14521108.84,10,0.5,0.2,0.3,4003.6,0.76,0.00016982523810617255,0.9372305632160154,0.5658001294847071,True
1396,Biology: Cell Structure I Nucleus Medical Media,URUJD5NEXC8,2015-03-18,biology,396477.0,10721.0,23925458.0,100.0,100.0,93.93294305481639,0.016571344214183905,0.0004481000948863758,2716,8809.07879234168,2015-03,0.09,0.46899559358639586,10703597.01,10,0.0,0.1,0.9,1539.7,0.09,0.00012517920847811552,0.29590327428901314,0.12867615116583042,True
1382,Balancing Chemical Equations Practice Problems,eNsVaUCzvLA,2015-08-28,mathchemistry,132298.0,8115.0,4981769.0,100.0,100.0,81.21341138903672,0.026556430055267515,0.0016289394389824177,2553,1951.3392087739915,2015-08,0.09,0.46899559358639586,6813605.65,10,0.0,0.1,0.9,1738.5,0.09,7.968552640314847e-05,0.29590327428901314,0.12866098660513878,True
1403,Quantum Biology: The Hidden Nature of Nature,ADiql3FG5is,2015-09-17,biology,65182.0,4679.0,9897790.0,100.0,100.0,88.39808408728047,0.006585510502849626,0.00047273179164237676,2533,3907.53651796289,2015-09,0.16,0.7219280948844771,119556.4,10,0.0,0.2,0.8,208.0,0.16,1.3982192627871528e-06,0.4554859150035144,0.2051624377409257,True
1386,SCIENCE WARS - Acapella Parody | SCIENCE SONGS,LTXTeAt2mpg,2015-12-04,mathchemistry,542855.0,43802.0,18496859.0,100.0,100.0,92.70888770622672,0.029348496412282755,0.0023680777368741365,2455,7534.362118126273,2015-12,0.8099999999999999,1.2954618442339936,10898119.04,10,0.3,0.1,0.6,2122.6,0.8099999999999999,0.0001274541552763,0.8173454221461777,0.5424909587671513,True
652,One Direction - History (Official Video),yjmp8CoZBIo,2016-01-26,history,5400589.0,434688.0,434352213.0,100.0,100.0,99.73390101117616,0.012433662908493112,0.0010007730753751219,2402,180829.39758534555,2016-01,0.09,0.46899559358639586,251837862.2099999,10,0.0,0.1,0.9,6848.3,0.09,0.002945258890708976,0.29590327428901314,0.12961617772657405,True
1415,Biomolecules (Updated),YO244P1e9QM,2016-02-12,biology,65238.0,2121.0,5323008.0,100.0,83.33333333333334,81.95848855774348,0.012255852330111096,0.00039845891646227095,2385,2231.869182389937,2016-02,0.6100000000000001,1.4854752972230063,2205609.16,10,0.2,0.3,0.5,1502.2,0.6100000000000001,2.5794731304152615e-05,0.9372305632160154,0.5157521193157732,True
1475,When a physics teacher knows his stuff !!,77ZF50ve6rs,2016-03-04,physics,1194852.0,16417.0,42252029.0,100.0,100.0,95.74241617881853,0.028279162640923113,0.0003885493877702299,2364,17873.108714043992,2016-03,0.09,0.46899559358639586,11357917.290000001,10,0.0,0.1,0.9,1851.1,0.09,0.00013283152336488266,0.29590327428901314,0.12867870193745934,True
559,Fun Google Secrets,Nsbp0GQHOGc,2016-04-28,google,234520.0,9846.0,14269018.0,100.0,100.0,91.27195316657797,0.01643560895360844,0.0006900264615266446,2309,6179.739281074058,2016-04,0.5600000000000002,1.5219280948830345,9576793.64,10,0.2,0.4,0.4,1662.4,0.5600000000000002,0.0001120011755387875,0.960229717860689,0.506780573012076,True
1274,Koreans Take SAT Math Section,QyTKhDGV7L0,2016-06-11,sat,86374.0,15363.0,8596384.0,100.0,100.0,87.06758914316126,0.010047713084943623,0.0017871467817165915,2265,3795.3130242825605,2016-06,0.49000000000000005,1.4854752972230063,5211718.29,10,0.3,0.5,0.2,4092.1,0.49000000000000005,6.095135772989251e-05,0.9372305632160154,0.4757638381912484,True
461,BEST Magic Show in the world - Genius Rubik&#39;s Cube Magician America&#39;s Got Talent,PFA-RmV_wG0,2016-09-29,cubes,954935.0,28908.0,94900199.0,100.0,100.0,97.9776476849388,0.0100625184147401,0.00030461474585527477,2155,44037.21531322506,2016-09,0.64,1.3709505944503406,33916027.0,10,0.2,0.2,0.6,2449.0,0.64,0.00039664996828784715,0.8649735207176815,0.5017900568953232,True
527,PIKOTARO - PPAP (Pen Pineapple Apple Pen) (Long Version) [Official Video],Ct6BUPvE2sM,2016-11-02,apple,4144389.0,294428.0,425478119.0,100.0,100.0,99.68068121341139,0.009740545553178024,0.0006919932820329122,2121,200602.60207449316,2016-11,0.44000000000000006,1.1567796494427114,131982805.09,10,0.1,0.2,0.7,4655.1,0.44000000000000006,0.0015435468150054726,0.7298466991616058,0.3904634153255371,True
1450,The Map of Physics,ZihywtixUYo,2016-11-28,physics,236557.0,5640.0,4696990.0,100.0,80.0,80.78765300691857,0.050363530686673805,0.0012007690031275349,2095,2242.0,2016-11,0.41,0.9219280948830342,1960830.8399999999,10,0.1,0.1,0.8,876.6,0.41,2.293203418265449e-05,0.5816718657171253,0.3305649325837693,True
610,Tell Me About Yourself - A Good Answer to This Interview Question,kayOhGRcNt4,2016-12-14,interview,454863.0,8266.0,22529756.0,100.0,100.0,93.50718467269824,0.02018943303247492,0.00036689256643525125,2079,10836.823472823473,2016-12,0.16000000000000003,0.7219280948844771,65166696.489999995,10,0.0,0.2,0.8,4863.1,0.16000000000000003,0.0007621284207664494,0.4554859150035144,0.2054160144747603,True
318,How to Moonwalk (Dance Moves Tutorial) | Mihran Kirakosian,QGm6v9-1ZBU,2017-02-01,tutorial,190593.0,5568.0,11034311.0,100.0,100.0,89.5156998403406,0.01727275948629688,0.0005046078545366358,2030,5435.62118226601,2017-02,0.41,0.9219280948830342,16847567.44,10,0.1,0.1,0.8,2211.4,0.41,0.00019703331085340174,0.5816718657171253,0.3306229663426596,True
1558,Nintendo Switch: Unboxing &amp; Review,y9b2vxjP0po,2017-03-09,nintendo,54951.0,6290.0,5370346.0,100.0,87.5,82.11814795103778,0.010232301605892804,0.001171246694347068,1994,2693.2527582748244,2017-03,0.20999999999999996,0.8812908992278072,496320.80999999994,10,0.0,0.3,0.7,348.7,0.20999999999999996,5.804501616510053e-06,0.5560326498764911,0.2553461514593692,True
744,Jacquees - B.E.D.,ul1H_p_FeaA,2017-04-17,bed,1121873.0,23969.0,145167323.0,100.0,100.0,98.72272485364556,0.007728137275080839,0.00016511291594183356,1955,74254.3851662404,2017-04,0.16000000000000003,0.7219280948844771,3191692.4899999998,10,0.0,0.2,0.8,789.1,0.16000000000000003,3.7327034942596895e-05,0.4554859150035144,0.205174414012819,True
659,"history of the entire world, i guess",xuCn8ux2gbs,2017-05-10,history,5471653.0,395657.0,147339243.0,100.0,100.0,98.77594465141033,0.037136426715589956,0.0026853470395527958,1932,76262.54813664596,2017-05,0.8900000000000002,1.3609640474393532,342530020.76,10,0.5,0.1,0.4,7586.2,0.8900000000000002,0.004005909119959411,0.8586727110729979,0.5842262067309859,True
292,Gordon Ramsay&#39;s perfect burger tutorial | GMA,iM_KMYulI_s,2017-05-24,tutorial,981522.0,122371.0,68512549.0,100.0,80.0,97.07291112293774,0.014326163809786146,0.001786110745930647,1918,35720.82846715328,2017-05,0.25,0.9999999999971146,70014114.64000002,10,0.0,0.5,0.5,4224.6,0.25,0.0008188192665272291,0.6309297535716959,0.29391619094607435,True
750,"Jacquees - B.E.D. (Remix) ft. Ty Dolla $ign, Quavo",Oyo3tNlamDw,2017-08-16,bed,340686.0,8853.0,35695760.0,100.0,100.0,95.15699840340606,0.009544158746024737,0.00024801264912135225,1834,19463.336968375137,2017-08,0.0,-1.4428232973175175e-12,428468.43999999994,10,0.0,0.0,1.0,465.4,0.0,5.010964083096859e-06,0.0,1.6703213610322864e-06,True
583,DON&#39;T GOOGLE THIS STUFF,NAV2laKrDv4,2017-08-28,google,,18676.0,6515548.0,100.0,80.0,84.40659925492284,,0.0028663744016619937,1822,3576.041712403952,2017-08,0.44000000000000006,1.3609640474393532,35149247.61,10,0.5,0.4,0.1,2505.7,0.44000000000000006,0.0004110725572263575,0.8586727110729979,0.43302792787674144,True
778,Chris Brown - To My Bed (Audio),eCUqsfjdHkA,2017-10-31,bed,232336.0,3681.0,33227408.0,100.0,100.0,94.94411921234699,0.006992299850773795,0.0001107820387313991,1758,18900.687144482366,2017-10,0.41,0.9219280948830342,1644036.84,10,0.1,0.1,0.8,1072.4,0.41,1.922710936779395e-05,0.5816718657171253,0.33056369760883103,True
157,All Sports Golf Battle 2 | Dude Perfect,-RmUADCWI4A,2017-12-04,sports,867074.0,43024.0,106014469.0,100.0,100.0,98.24374667376264,0.008178826986342778,0.0004058313964672124,1724,61493.31148491879,2017-12,0.16,0.7219280948844771,493267.08999999997,10,0.0,0.2,0.8,303.9,0.16,5.768788178106435e-06,0.4554859150035144,0.20516389459723083,True
132,Beach Bunny - Sports (Official Audio),szeXkBYq5HU,2018-01-09,sports,275577.0,5431.0,15040548.0,100.0,100.0,91.75093134646089,0.01832227123639378,0.00036109056664690675,1688,8910.277251184834,2018-01,0.36000000000000004,0.46899559358639586,50486852.29,10,0.1,0.0,0.9,3553.9,0.36000000000000004,0.0005904467631123693,0.29590327428901314,0.21883124035070853,True
571,28 STRANGE Sights on Google Earth,njiSn2aaS88,2018-01-26,google,51098.0,5463.0,9914057.0,100.0,87.5,88.50452368281,0.005154095845928665,0.0005510357666896609,1671,5933.008378216637,2018-01,0.20999999999999996,0.8812908992278072,2508767.25,10,0.0,0.3,0.7,830.5,0.20999999999999996,2.9340183334389062e-05,0.5560326498764911,0.2553539966866085,True
200,HOW2: How To Do 100 Things! [Saturday Supercut],kmhvZ8kVdG4,2018-02-24,how-to,70465.0,17616.0,10097646.0,100.0,100.0,88.61096327833954,0.006978359114589678,0.0017445650204017846,1642,6149.6017052375155,2018-02,0.45,1.2954618442339936,763676.64,10,0.1,0.3,0.6,304.6,0.45,8.93124407048531e-06,0.8173454221461777,0.42245145113008276,True
1442,The Mind Bending Story Of Quantum Physics (Part 1/2) | Spark,ISdBAf-ysI0,2018-03-20,physics,68035.0,5549.0,7209027.0,100.0,80.0,85.25811601915912,0.009437473323376373,0.0007697293962139412,1618,4455.517305315204,2018-03,0.0,-1.4428232973175175e-12,11820.240000000002,10,0.0,0.0,1.0,78.4,0.0,1.382384151644514e-07,0.0,4.60794717214838e-08,True
557,El Chombo - Dame Tu Cosita feat. Cutty Ranks (Official Video) [Ultra Music],FzG4uDgje3M,2018-04-05,google,16445558.0,732818.0,4034122271.0,100.0,100.0,100.0,0.004076613670889897,0.00018165488073279077,1602,2518178.6960049937,2018-04,0.24000000000000005,0.9709505944517833,5703084.410000001,10,0.0,0.4,0.6,807.7,0.24000000000000005,6.669791394992745e-05,0.6126016192895494,0.28422277240116645,True
299,30 Easy DIY Projects For Beginners That Increase Your Home Value,2G5f_LpdLh0,2018-06-01,tutorial,76010.0,788.0,7906241.0,100.0,100.0,86.37573177221927,0.009613923987391733,9.966809764589771e-05,1545,5117.308090614887,2018-06,0.20999999999999996,0.8812908992278072,78.83999999999999,10,0.0,0.3,0.7,7.6,0.20999999999999996,9.220385247309145e-10,0.5560326498764911,0.2553442169328432,True
194,How To BRAINWASH Yourself For Success &amp; Destroy NEGATIVE THOUGHTS! | Dr. Joe Dispenza,La9oLLoI5Rc,2018-06-12,how-to,338470.0,9618.0,14322764.0,100.0,100.0,91.43161255987228,0.023631611887202777,0.000671518430381175,1534,9336.873533246415,2018-06,0.09,0.46899559358639586,19557926.21,10,0.0,0.1,0.9,1953.3,0.09,0.00022873111909518633,0.29590327428901314,0.12871066846936943,True
787,Chris Brown - To My Bed (Official Video),VfVmCnCP7Mg,2018-06-21,bed,394837.0,13938.0,42257995.0,100.0,100.0,95.7956359765833,0.009343486362758101,0.0003298310769358556,1525,27710.160655737705,2018-06,0.45,1.2954618442339936,1808388.89,10,0.1,0.3,0.6,1116.1,0.45,2.1149216441849012e-05,0.8173454221461777,0.4224555237875398,True
747,Nicki Minaj - Bed ft. Ariana Grande,zxtl5ExJmag,2018-07-07,bed,1499298.0,75048.0,94340456.0,100.0,100.0,97.87120808940925,0.015892418412732708,0.0007955017728555393,1509,62518.52617627568,2018-07,0.44000000000000006,1.1567796494427114,105284069.61,10,0.1,0.2,0.7,3841.3,0.44000000000000006,0.0012313035035625484,0.7298466991616058,0.3903593342217228,True
286,C++ Tutorial for Beginners - Full Course,vLnPwxZdW4Y,2018-08-24,tutorial,235659.0,11732.0,9769103.0,100.0,100.0,88.23842469398616,0.02412289030016369,0.0012009290924663196,1461,6686.586584531143,2018-08,0.09,0.46899559358639586,3292209.8400000003,10,0.0,0.1,0.9,1099.6,0.09,3.850259137466008e-05,0.29590327428901314,0.12864725896012927,True
1863,Machine Learning Fundamentals: Bias and Variance,EuBBz3bI-aA,2018-09-17,machine learning,109335.0,2712.0,5028230.0,100.0,85.71428571428571,81.37307078233103,0.02174423206575674,0.0005393548027834845,1437,3499.116214335421,2018-09,0.20999999999999996,0.8812908992278072,28264.559999999998,10,0.0,0.3,0.7,138.2,0.20999999999999996,3.3055572304120266e-07,0.5560326498764911,0.25534432681073804,True
458,Learn How to Solve a Rubik&#39;s Cube in 10 Minutes (Beginner Tutorial),7Ron6MN45LY,2018-09-19,cubes,461154.0,47971.0,38289391.0,100.0,100.0,95.52953698775944,0.012043910544307168,0.0012528535645813744,1435,26682.50243902439,2018-09,0.6400000000000001,0.7219280948844771,6170040.359999999,10,0.2,0.0,0.8,1496.8,0.6400000000000001,7.21589917689574e-05,0.4554859150035144,0.3651860246650945,True
603,Full Interview: Lady Gaga Talks To Stephen Colbert,zWaV_PTlCxk,2018-10-05,interview,82405.0,5855.0,7825074.0,100.0,87.5,86.21607237892496,0.010530890826080367,0.0007482357355342582,1419,5514.4989429175475,2018-10,0.41,0.9219280948830342,1708367.56,10,0.1,0.1,0.8,1144.2,0.41,1.997946099341137e-05,0.5816718657171253,0.33056394839270625,True
653,Rich Brian - History (Official Video),6DrNC-xQcGs,2018-10-10,history,738439.0,23522.0,66368842.0,100.0,100.0,96.91325172964342,0.01112629025529781,0.0003544132953231277,1414,46936.94625176804,2018-10,0.16000000000000003,0.7219280948844771,7613947.8,10,0.0,0.2,0.8,2203.0,0.16000000000000003,8.904557581037789e-05,0.4554859150035144,0.20519165352644161,True
1611,"All Xbox, Nintendo and PlayStation Startups (Unused Brand ID)",Hru1FjQUkpI,2018-11-19,xbox,199933.0,22438.0,17069314.0,100.0,100.0,92.17668972857903,0.011713007329995804,0.0013145226574424725,1374,12423.08151382824,2018-11,0.25,0.9999999999971146,15717390.09,10,0.0,0.5,0.5,1710.9,0.25,0.0001838158190157775,0.6309297535716959,0.29370452313023726,True
451,Scrambled,kmrZyByO8Qc,2018-11-29,cubes,752667.0,6382.0,50348575.0,100.0,100.0,96.27461415646621,0.014949122194620206,0.00012675631832678483,1364,36912.44501466276,2018-11,0.16,0.7219280948844771,1941372.9600000002,10,0.0,0.2,0.8,612.2,0.16,2.2704473109980837e-05,0.4554859150035144,0.20516953982554145,True
208,27 EASY MAGIC TRICKS,xqAoloAGlCE,2019-01-18,how-to,262633.0,5960.0,47276202.0,100.0,100.0,96.06173496540713,0.005555289741760559,0.00012606765661928596,1314,35978.84474885845,2019-01,0.16000000000000003,0.7219280948844771,80.55999999999999,10,0.0,0.2,0.8,5.8,0.16000000000000003,9.421540278072359e-10,0.4554859150035144,0.20516197198188948,True
1322,I Went Back To 1st Grade For A Day,A-vX1AGBGsc,2019-01-31,mrbeast,2523764.0,136866.0,134377650.0,100.0,100.0,98.61628525811602,0.018781129153545996,0.001018517588304305,1301,103287.9707916987,2019-01,0.6900000000000001,1.5709505944503406,42641137.489999995,10,0.4,0.3,0.3,3381.1,0.6900000000000001,0.0004986906583476369,0.9911594714322026,0.5605527206968501,True
1312,Giant Monopoly Game With Real Money,2nd73lyvq4w,2019-02-15,mrbeast,1552125.0,67399.0,66839006.0,100.0,80.0,96.96647152740819,0.02322184444215104,0.001008378251465918,1286,51974.34370139969,2019-02,0.36000000000000004,1.2954618442339938,487475442.16,10,0.1,0.6,0.3,12019.2,0.36000000000000004,0.00570105450953522,0.8173454221461778,0.39434882555190437,True
1314,Surviving 24 Hours Straight In A Desert,Ooke4YZv8Ts,2019-03-16,mrbeast,2129926.0,91190.0,98750169.0,100.0,100.0,98.1373070782331,0.021568833973337302,0.0009234414576039865,1257,78560.19809069212,2019-03,0.25,0.9999999999971146,4393784.65,10,0.0,0.5,0.5,1086.5,0.25,5.1385574792888616e-05,0.6309297535716959,0.29366037971549624,True
181,How to Get Your Brain to Focus | Chris Bailey | TEDxManchester,Hu4Yvq-g7_Y,2019-04-05,how-to,315980.0,6186.0,13176819.0,100.0,80.0,90.73975518893029,0.02397999092193647,0.00046946080081998546,1237,10652.238480194017,2019-04,0.21000000000000002,0.8812908992278072,6927398.209999999,10,0.0,0.3,0.7,2292.7,0.21000000000000002,8.101633721171966e-05,0.5560326498764911,0.2553712220712343,True
135,All Sports Baseball Battle | Dude Perfect,dwV04XuiWq4,2019-04-22,sports,778342.0,20737.0,57369066.0,100.0,100.0,96.59393294305481,0.013567276831733673,0.00036146657852160254,1220,47023.82459016393,2019-04,0.20999999999999996,0.8812908992278072,24579128.959999997,10,0.0,0.3,0.7,2941.2,0.20999999999999996,0.0002874543861675456,0.5560326498764911,0.25544003475421956,True
1307,World&#39;s Largest Bowl Of Cereal,xRwy_rKc7gI,2019-05-15,mrbeast,2030057.0,81670.0,107126467.0,100.0,100.0,98.35018626929217,0.018950097551522913,0.0007623699566233244,1197,89495.79532163743,2019-05,0.64,1.3709505944503406,2258736134.7599993,10,0.2,0.2,0.6,17754.2,0.64,0.02641605445776913,0.8649735207176815,0.5104631917251502,True
417,How to Solve a 3x3 Rubik&#39;s Cube In No Time | The Easiest Tutorial,KGvQRaK1mvs,2019-05-24,cubes,511551.0,25520.0,49429306.0,100.0,80.0,96.22139435870145,0.010349143886422359,0.0005162929052655524,1188,41607.15993265993,2019-05,0.24000000000000005,0.9709505944517833,117264132.85,10,0.0,0.4,0.6,6466.5,0.24000000000000005,0.001371411061096702,0.6126016192895494,0.2846576767835487,True
1296,24 Hours In The Most Haunted Place On Earth,YyhKdOCwD7s,2019-05-30,mrbeast,2021442.0,121200.0,66999237.0,100.0,87.5,97.01969132517296,0.0301711197099155,0.0018089758246052862,1182,56682.941624365485,2019-05,0.16,0.7219280948844771,6038801897.05,10,0.0,0.8,0.2,28330.5,0.16,0.07062415007988623,0.4554859150035144,0.22870335502780023,True
1310,"Last To Leave VR Wins $20,000",RCvnytndd9c,2019-06-08,mrbeast,2135851.0,91698.0,93319974.0,100.0,90.0,97.76476849387973,0.022887393860611234,0.0009826192193324015,1173,79556.67007672634,2019-06,0.64,1.3709505944503406,224074.55999999997,10,0.2,0.2,0.6,368.2,0.64,2.6205654075612478e-06,0.8649735207176815,0.5016587137610297,True
1302,I Opened The World&#39;s First FREE Store,n6qc4LHN2KQ,2019-06-15,mrbeast,1801566.0,76492.0,61197670.0,100.0,83.33333333333334,96.75359233634913,0.029438473719669393,0.0012499168677500303,1166,52485.137221269295,2019-06,0.0,-1.4428232973175175e-12,1414264692.85,10,0.0,0.0,1.0,17547.5,0.0,0.01653991033706791,0.0,0.005513303445689303,True
284,Java Tutorial for Beginners,eIrMbAQSU34,2019-07-15,tutorial,195700.0,7321.0,7569833.0,100.0,100.0,85.89675359233635,0.025852617884701022,0.0009671283369131129,1136,6663.585387323944,2019-07,0.09,0.46899559358639586,45555.21000000001,10,0.0,0.1,0.9,150.3,0.09,5.327709109868977e-07,0.29590327428901314,0.12863460235330804,True
942,Kids Try Prison Food from Around the World | Kids Try | HiHo Kids,FqNEx17crMI,2019-07-16,food,146566.0,13664.0,14073219.0,100.0,100.0,91.16551357104842,0.010414532737677144,0.0009709221465252549,1135,12399.311894273127,2019-07,0.36000000000000004,0.46899559358639586,14353996.16,10,0.1,0.0,0.9,2026.2,0.36000000000000004,0.0001678708452988282,0.29590327428901314,0.21869038171143731,True
1119,Maroon 5 - Animals (Lyrics),0GVExpdmoDs,2019-07-22,animals,1103713.0,29774.0,106151957.0,100.0,100.0,98.2969664715274,0.010397481414308735,0.00028048470175636987,1129,94022.99114260408,2019-07,0.44000000000000006,1.3609640474393532,69143178.55999999,10,0.1,0.4,0.5,3896.2,0.44000000000000006,0.0008086336168780897,0.8586727110729979,0.4331604482299587,True
316,Euphoria‚Äôs Alexa Demie Shares Her ‚Äô90s Glam Tutorial | Beauty Secrets | Vogue,UxQg3_Cmwhw,2019-07-30,tutorial,869059.0,12196.0,21485819.0,100.0,90.0,93.29430548163917,0.04044802760369526,0.0005676302122809468,1121,19166.653880463873,2019-07,0.44000000000000006,1.1567796494427114,332925442.6100001,10,0.1,0.2,0.7,8095.7,0.44000000000000006,0.003893583002911102,0.7298466991616058,0.3912467607215057,True
1319,"Last To Leave Roller Coaster Wins $20,000 - Challenge",gL6iSCSHjco,2019-08-17,mrbeast,2121115.0,65601.0,92621700.0,100.0,85.71428571428571,97.71154869611496,0.022900842891028776,0.0007082681488247355,1103,83972.5294650952,2019-08,0.45,1.2954618442339936,2584068915.65,10,0.1,0.3,0.6,25206.5,0.45,0.030220840826851097,0.8173454221461777,0.4325220876576763,True
225,How to Solve a Rubik&#39;s Cube | WIRED,R-R0KrXvWbc,2019-09-05,how-to,339758.0,32718.0,29905105.0,100.0,87.5,94.598190526876,0.011361204048606417,0.0010940606963259283,1084,27587.735239852398,2019-09,0.44000000000000006,1.1567796494427114,39645727.239999995,20,0.1,0.2,0.7,3234.6,0.44000000000000006,0.00046365915596466046,0.7298466991616058,0.3901034527725235,True
423,How to Solve a Rubik&#39;s Cube | WIRED,R-R0KrXvWbc,2019-09-05,cubes,339759.0,32717.0,29905105.0,100.0,87.5,94.598190526876,0.011361237487713218,0.0010940272572191269,1084,27587.735239852398,2019-09,0.44000000000000006,1.1567796494427114,39645727.239999995,20,0.1,0.2,0.7,3234.6,0.44000000000000006,0.00046365915596466046,0.7298466991616058,0.3901034527725235,True
1298,"Going Through The Same Drive Thru 1,000 Times",QxGVgXf_LNk,2019-10-05,mrbeast,3557658.0,127113.0,160818375.0,100.0,100.0,98.93560404470463,0.022122210848107376,0.0007904134089154924,1054,152579.10341555977,2019-10,0.8100000000000002,1.2954618442339936,4749522966.61,10,0.3,0.1,0.6,31225.3,0.8100000000000002,0.05554595572436176,0.8173454221461777,0.5609637926235131,True
1300,"I Searched 100 Dumpsters, Here&#39;s What I Found",anFxsa5jXrE,2019-10-12,mrbeast,1572751.0,52457.0,91053784.0,100.0,87.5,97.65832889835019,0.017272769245921728,0.0005761100494187041,1047,86966.36485195797,2019-10,0.29,1.1567796494427114,1119953537.41,10,0.1,0.7,0.2,11802.7,0.29,0.013097923736690584,0.7298466991616058,0.34431487429943214,True
1464,"8 Year Old LOST His GIRLFRIEND To A Rich Kid, So We Confronted Her... (Fortnite)",c0Ir6O1JB-I,2019-11-19,physics,673896.0,41869.0,14835017.0,100.0,80.0,91.59127195316657,0.04542603490107224,0.002822308865571236,1009,14702.692765113974,2019-11,0.64,1.3709505944503406,2438174.4,10,0.2,0.2,0.6,985.0,0.64,2.8514595723144126e-05,0.8649735207176815,0.5016673451044683,True
555,If Google Was A Guy (Full Series),Cxqca4RQd_M,2019-11-26,google,1046404.0,37539.0,34484565.0,100.0,100.0,95.05055880787653,0.030344126422937334,0.001088573975052317,1002,34415.73353293413,2019-11,0.0,-1.4428232973175175e-12,259065202.69000006,10,0.0,0.0,1.0,8282.1,0.0,0.003029783070743316,0.0,0.001009927690247772,True
1301,"Last to Stop Swinging Wins $1,000,000 (Part 2)",RwnN2FVaHmw,2019-11-30,mrbeast,1511358.0,81100.0,69330547.0,100.0,100.0,97.12613092070251,0.021799308752028165,0.0011697585481331915,998,69469.48597194388,2019-11,0.16000000000000003,0.7219280948844771,215068976.16,10,0.0,0.2,0.8,9776.2,0.16000000000000003,0.0025152445648649754,0.4554859150035144,0.20600038652279315,True
1082,1 A.M Study Session üìö - [lofi hip hop/chill beats],lTRiuFIWV54,2019-12-08,lofi,1638369.0,58851.0,84747957.0,100.0,100.0,97.49866950505589,0.01933225363768946,0.0006944238195618096,990,85603.99696969696,2019-12,0.09,0.46899559358639586,2863887431.84,10,0.0,0.1,0.9,21404.4,0.09,0.03349333514268343,0.29590327428901314,0.13979886981056552,True
1150,Animals ¬•GLMV¬• /Gacha Life/,AGulIdSQCsY,2020-02-04,animals,94089.0,1537.0,5434925.0,100.0,100.0,82.27780734433209,0.017311922427632395,0.0002828005906245256,932,5831.464592274678,2020-02,0.09,0.46899559358639586,322.64,10,0.0,0.1,0.9,18.6,0.09,3.773294135200182e-09,0.29590327428901314,0.1286344260207691,True
437,How to solve a Rubik‚Äôs cube | The Easiest tutorial | Part 1,E7-0GYMCwyQ,2020-02-08,cubes,129552.0,4612.0,13278916.0,100.0,100.0,90.79297498669506,0.009756218052738642,0.0003473175069410786,928,14309.176724137931,2020-02,0.0,-1.4428232973175175e-12,2181.9600000000005,10,0.0,0.0,1.0,30.2,0.0,2.5518152960703537e-08,0.0,8.50605098690118e-09,True
422,This Kid Solves RUBIK&#39;S CUBE In 5 Seconds..,cq1rdB4Nu4o,2020-02-17,cubes,233724.0,8895.0,10608521.0,100.0,80.0,89.14316125598722,0.022031723366527717,0.0008384769186958295,919,11543.54842219804,2020-02,0.49000000000000005,1.4854752972230063,162838.05,10,0.3,0.5,0.2,155.5,0.49000000000000005,1.9044007533239334e-06,0.9372305632160154,0.4757441558722562,True
1320,"I Ate A $70,000 Golden Pizza",F4Y3Pkn95GI,2020-02-29,mrbeast,3206546.0,108235.0,156000008.0,100.0,100.0,98.88238424693986,0.020554780997190717,0.000693814066983894,907,171995.59867695702,2020-02,0.8,1.5219280948830345,2409179302.4,10,0.4,0.2,0.4,19263.0,0.8,0.0281754963190912,0.960229717860689,0.59613507139326,True
443,Solving the huge Rubik&#39;s Cube 15X15 in record time,6MWTTiNhu7I,2020-03-13,cubes,636440.0,16875.0,39581966.0,100.0,84.61538461538461,95.63597658328898,0.016079039631331095,0.0004263305162760233,894,44275.12975391499,2020-03,0.56,1.5219280948830345,821123.8,10,0.2,0.4,0.4,360.0,0.56,9.603092049384102e-06,0.960229717860689,0.5067464403175794,True
763,Powfu - Death Bed (Lyrics) ft. beabadoobee | don&#39;t stay awake for too long,u99AklNGpyc,2020-03-14,bed,1301198.0,40137.0,98559845.0,100.0,92.3076923076923,98.08408728046834,0.013202110859650803,0.00040723481251416334,893,110369.3673012318,2020-03,0.65,1.1567796494427114,107852888.0,10,0.2,0.1,0.7,5692.0,0.65,0.001261345988577988,0.7298466991616058,0.4603693483833946,True
901,NLE Choppa - Walk Em Down feat. Roddy Ricch [Official Music Video],fyIcQ1Xl-rs,2020-03-19,music,2286473.0,86935.0,250793774.0,100.0,100.0,99.36136242682278,0.009116944824954067,0.0003466393866699418,888,282425.4211711712,2020-03,0.44000000000000006,1.1567796494427114,40171224.8,10,0.1,0.2,0.7,3712.0,0.44000000000000006,0.00046980488142092755,0.7298466991616058,0.3901055013476756,True
752,Powfu - death bed (coffee for your head) (Official Video) ft. beabadoobee,jJPMnTXl63E,2020-04-01,bed,7786057.0,195769.0,524709805.0,100.0,100.0,99.78712080894093,0.014838786936714476,0.0003730995650062228,875,599668.3485714286,2020-04,0.48999999999999994,1.4854752972230063,50538967.65,10,0.2,0.5,0.3,3076.5,0.48999999999999994,0.0005910562553707435,0.9372305632160154,0.4759405398237953,True
986,ASMR MUKBANG DOUBLE BIG MAC &amp; CHEESY HASH BROWNS &amp; CHICKEN NUGGETS (No Talking) EATING SOUNDS,--ZI0dSbbNU,2020-04-18,mukbang,378858.0,18860.0,17975269.0,100.0,90.9090909090909,92.49600851516763,0.021076624778188297,0.001049219346870414,858,20950.196969696968,2020-04,0.09,0.46899559358639586,41075075.29,10,0.0,0.1,0.9,2553.9,0.09,0.00048037546706751456,0.29590327428901314,0.12879454991869355,True
1144,15 FATTEST Animals Ever Seen,gfWCmQOypLA,2020-05-25,animals,73362.0,4072.0,10331666.0,100.0,100.0,88.98350186269293,0.007100694118450984,0.00039412811060675015,821,12584.246041412911,2020-05,0.6100000000000001,1.4854752972230063,2325.09,10,0.2,0.3,0.5,41.1,0.6100000000000001,2.71920668882116e-08,0.9372305632160154,0.5157435301360275,True
1138,50 SCARIEST Animals In The World,7_4oZm31UhU,2020-06-07,animals,74617.0,1982.0,8122555.0,100.0,90.0,86.64183076104311,0.009186395167530413,0.00024401189034731067,808,10052.66707920792,2020-06,0.44000000000000006,1.3609640474393532,84.41,10,0.5,0.4,0.1,9.7,0.44000000000000006,9.87180008530397e-10,0.8586727110729979,0.4328909040200593,True
177,20 MUST SEE SPORTS MOMENTS,1_r0mhnxGN0,2020-06-14,sports,22288.0,451.0,11666184.0,80.0,91.66666666666666,90.04789781798829,0.0019104790392471093,3.865874222453546e-05,801,14564.524344569289,2020-06,0.16000000000000003,0.7219280948844771,40.25,10,0.0,0.2,0.8,5.5,0.16000000000000003,4.707261621057751e-10,0.4554859150035144,0.20516197182474685,True
801,Full Body Trolling in VRChat! (Part 2),653cIGiPNHY,2020-06-14,trolling,430267.0,12839.0,14286302.0,100.0,100.0,91.32517296434274,0.030117450968067172,0.0008986930277688376,801,17835.583021223472,2020-06,0.20999999999999996,0.8812908992278072,47852788.8,10,0.0,0.3,0.7,2814.0,0.20999999999999996,0.0005596412327424154,0.5560326498764911,0.25553076370307787,True
1145,Glass Animals - Heat Waves (Official Video),mRD0-GxqHVo,2020-06-29,animals,6177588.0,125791.0,378164492.0,100.0,100.0,99.62746141564662,0.01633571668066604,0.0003326356722037245,786,481125.3078880407,2020-06,0.36000000000000004,0.46899559358639586,109125888.0,10,0.1,0.0,0.9,3772.0,0.36000000000000004,0.0012762337998664514,0.29590327428901314,0.21905983602962653,True
1025,ASMR ICE CREAM BLUE PARTY Îã§ÏñëÌïú Î∏îÎ£® ÏïÑÏù¥Ïä§ÌÅ¨Î¶º Î®πÎ∞© DESSERTS CANDY MUKBANG EATING SOUNDS ÂíÄÂöºÈü≥ „É¢„ÉÉ„Éë„É≥,J1Q7LQeUlqI,2020-07-28,mukbang,353053.0,14909.0,41739024.0,100.0,84.61538461538461,95.68919638105375,0.008458583027720054,0.0003571957025157081,757,55137.41611624835,2020-07,0.20999999999999996,0.8812908992278072,65.21000000000001,10,0.0,0.3,0.7,7.7,0.20999999999999996,7.626348579109963e-10,0.5560326498764911,0.25534421687970865,True
964,"ASMR *PURPLE FOOD* JELLY DONUT, PEEPS, CANDY CORN, POPPING BOBA, ROCK CANDY, GRAPE CRUSH MUKBANG Î®πÎ∞©",0vpJ7QsAsD8,2020-08-04,food,501165.0,31086.0,32791832.0,100.0,92.3076923076923,94.89089941458222,0.015283226627899289,0.000947979972573658,750,43722.44266666667,2020-08,0.09,0.46899559358639586,669957.85,10,0.0,0.1,0.9,418.5,0.09,7.835197205046872e-06,0.29590327428901314,0.12863703649540606,True
192,How To Fix a Water Damaged Laptop,115amzVdV44,2020-08-18,how-to,910553.0,81975.0,52061447.0,100.0,100.0,96.4342735497605,0.017489967192037516,0.001574581666929081,736,70735.66168478261,2020-08,0.64,1.3709505944503406,526260881.84000003,10,0.2,0.2,0.6,8008.4,0.64,0.006154652550930287,0.8649735207176815,0.5037093910895373,True
893,Best Music Mix ‚ô´ No Copyright Gaming Music ‚ô´ Music by Roy Knox and Friends,dh01eSOn9_E,2020-08-20,music,227790.0,8698.0,13966109.0,80.0,84.21052631578947,91.11229377328365,0.016310197779496063,0.00062279336356318,734,19027.396457765666,2020-08,0.16000000000000003,0.7219280948844771,823703.4,10,0.0,0.2,0.8,513.0,0.16000000000000003,9.633260625974613e-06,0.4554859150035144,0.2051651827547135,True
657,Discover the Secrets of Ancient Egypt | Engineering an Empire | Full Episode | History,9cdUxZuarL0,2020-08-30,history,41389.0,3668.0,10275325.0,100.0,80.0,88.82384246939861,0.004027999114383243,0.00035697167729487875,724,14192.437845303868,2020-08,0.45,1.2954618442339936,68559.41,10,0.1,0.3,0.6,202.3,0.45,8.01806408584753e-07,0.8173454221461777,0.4224487413175288,True
756,Rotimi - In My Bed (Official Video) (feat. Wale),3Dg1CT31_uw,2020-09-17,bed,789062.0,14192.0,58921922.0,100.0,100.0,96.70037253858436,0.013391654128322562,0.00024086111787052704,706,83458.81303116147,2020-09,0.09,0.46899559358639586,2355421.6100000003,10,0.0,0.1,0.9,837.3,0.09,2.754679688487717e-05,0.29590327428901314,0.12864360702863267,True
227,Ti√´sto - The Business (Official Music Video),nCg3ufihKyU,2020-09-25,business,1706185.0,25334.0,208293677.0,100.0,100.0,99.25492283129324,0.008191247207182386,0.0001216263516246823,698,298415.0100286533,2020-09,0.24000000000000005,0.9709505944517833,7361073.160000001,10,0.0,0.4,0.6,1319.8,0.24000000000000005,8.608819174128277e-05,0.6126016192895494,0.28422923582709686,True
228,Tiesto - The Business (Official Lyric Video),PO_d169ibZ8,2020-09-25,business,385847.0,4381.0,54244089.0,83.33333333333334,88.88888888888889,96.48749334752527,0.0071131621364311235,8.076456035606018e-05,698,77713.59455587392,2020-09,0.16000000000000003,0.7219280948844771,8634125.25,10,0.0,0.2,0.8,1668.5,0.16000000000000003,0.0001009766122254178,0.4554859150035144,0.20519563053857995,True
149,Greatest World Records in Sport History,v3m_DlYSJOA,2020-10-03,sports,241605.0,6650.0,31518906.0,100.0,85.0,94.67802022352315,0.007665399300343737,0.0002109844802354498,690,45679.57391304348,2020-10,0.24000000000000005,0.9709505944517833,3655939.25,10,0.0,0.6,0.4,1317.5,0.24000000000000005,4.275642862222028e-05,0.6126016192895494,0.2842147919060572,True
560,360¬∞ Google Dinosaur - T-REX in VR [4K] Video,IwUZrxaX1A0,2020-10-17,google,193174.0,4232.0,26160434.0,100.0,82.35294117647058,94.14582224587546,0.0073842047115885,0.00016177101649001696,676,38698.86686390533,2020-10,0.24000000000000005,0.9709505944517833,3087.21,10,0.0,0.4,0.6,64.7,0.24000000000000005,3.610510596061044e-08,0.6126016192895494,0.28420055179821846,True
1400,The Insane Biology of: The Octopus,mFP_AjJeP-M,2020-11-14,biology,226135.0,15445.0,9629509.0,100.0,87.5,88.07876530069186,0.023483544176551473,0.0016039239383856436,648,14860.353395061727,2020-11,0.20999999999999996,0.8812908992278072,34859825.559999995,10,0.0,0.3,0.7,3008.8,0.20999999999999996,0.0004076877490070957,0.5560326498764911,0.2554801125418327,True
588,ZOMBIE GIRL ESCAPE PREGNANCY PRANK BATTLE - Doctor Nerf Guns Couple Zombies Crime | Sky Nerf War,-EjsCBHEbbk,2020-11-28,google,349923.0,4082.0,122994457.0,100.0,100.0,98.50984566258649,0.002845030650446304,3.318848751045748e-05,634,193997.56624605678,2020-11,0.24000000000000005,0.9709505944517833,189216.20999999996,10,0.0,0.6,0.4,185.7,0.24000000000000005,2.2128949153167796e-06,0.6126016192895494,0.28420127739482154,True
1306,"I Gave People $1,000,000 But ONLY 1 Minute To Spend It!",LeYsRMZFUq0,2020-12-15,mrbeast,4763784.0,174632.0,110124989.0,100.0,94.73684210526315,98.40340606705695,0.043257974808969105,0.0015857617929024264,617,178484.585089141,2020-12,0.09,0.46899559358639586,2917385523.6099997,10,0.0,0.1,0.9,30714.7,0.09,0.034118998531972235,0.29590327428901314,0.14000742427366178,True
1291,I Opened A Restaurant That Pays You To Eat At It,dg2Ag3e8W-Q,2020-12-19,mrbeast,3963124.0,728774.0,116842899.0,100.0,94.11764705882352,98.45662586482172,0.03391839841289799,0.006237212584052711,613,190608.3181076672,2020-12,0.24000000000000005,0.9709505944517833,3812357179.959999,10,0.0,0.4,0.6,29084.2,0.24000000000000005,0.04458574568693084,0.6126016192895494,0.2990624549921601,True
153,Top 100 Best Sports Bloopers 2020,yaGkToO1eHo,2020-12-28,sports,25347.0,385.0,9444655.0,100.0,87.5,87.81266631186801,0.002683740168380952,4.076379708946489e-05,604,15636.846026490066,2020-12,0.29,1.1567796494427114,825.2100000000003,10,0.1,0.7,0.2,19.3,0.29,9.650880403262283e-09,0.7298466991616058,0.3399489029374954,True
922,The Weeknd - Save Your Tears (Official Music Video),XXYlFuWEuKI,2021-01-05,music,6823113.0,270948.0,915457091.0,100.0,100.0,99.89356040447046,0.007453230814506848,0.0002959701799939414,596,1536001.8305369127,2021-01,0.48999999999999994,1.4854752972230063,929876348.2099998,10,0.2,0.5,0.3,10342.3,0.48999999999999994,0.01087495961803296,0.9372305632160154,0.4793685076113494,True
1102,Cozy Winter ‚ùÑÔ∏è - [lofi hip hop/study beats],_tV5LEBDs7w,2021-01-16,lofi,247914.0,8681.0,16294784.0,100.0,81.25,92.12346993081427,0.015214316434019623,0.0005327471662097516,585,27854.331623931623,2021-01,0.09,0.46899559358639586,18171641.01,10,0.0,0.1,0.9,2998.3,0.09,0.00021251843060375683,0.29590327428901314,0.1287052642398723,True
988,ASMR MUKBANG | ÏπòÏ¶à Î∂àÎã≠Î≥∂ÏùåÎ©¥ &amp; ÏπòÌÜ†Ïä§ ÎåÄÏôï ÌÜµ Í∞ÄÎûòÎñ° ÌäÄÍπÄ Ìï´ÎèÑÍ∑∏ Îî∏Í∏∞ Î®πÎ∞© &amp; Î†àÏãúÌîº FIRE NOODLES AND Tteokbokki EATING,nad-9QEm5II,2021-01-29,mukbang,1056430.0,46966.0,75785129.0,100.0,93.75,97.23257051623204,0.013939806053506882,0.0006197258039898567,572,132491.48426573427,2021-01,0.20999999999999996,0.8812908992278072,7134852.6899999995,10,0.0,0.3,0.7,1226.9,0.20999999999999996,8.34425297876712e-05,0.5560326498764911,0.2553720308020929,True
1170,I Tried to Speedrun Minecraft Education Edition,VxoXfpr6spc,2021-02-05,education,222713.0,12557.0,6281449.0,100.0,81.25,83.92762107503991,0.03545567272774164,0.0019990610446729727,565,11117.608849557522,2021-02,0.69,1.5709505944503406,13918651.209999999,10,0.3,0.3,0.4,1886.7,0.69,0.00016277946001918517,0.9911594714322026,0.5604407502974073,True
1189,I Survived 100 Days on a SURVIVAL ISLAND in Minecraft Hardcore...,zDv2B606lvg,2021-02-07,minecraft,345943.0,11838.0,18380002.0,100.0,93.75,92.60244811069718,0.01882170633060867,0.0006440695708302969,563,32646.539964476022,2021-02,0.41,0.9219280948830342,22148220.490000002,10,0.1,0.1,0.8,2261.9,0.41,0.0002590247659311849,0.5816718657171253,0.3306436301610188,True
749,Joel Corry x RAYE x David Guetta - BED [Official Lyric Video],8mOPFGfJ5WQ,2021-02-26,bed,121553.0,1171.0,26260197.0,100.0,91.66666666666666,94.19904204364023,0.004628792388724274,4.459220165027703e-05,544,48272.42095588235,2021-02,0.09,0.46899559358639586,26106.560000000005,10,0.0,0.1,0.9,96.2,0.09,3.0531778371637636e-07,0.29590327428901314,0.12863452653559895,True
1567,"I Customized A Nintendo Switch In 10 Hours, 1 Hour, 10 Minutes, 1 Minute &amp; 10 Seconds - Challenge",28RxpkcVAFw,2021-02-28,nintendo,565673.0,35186.0,31667627.0,100.0,100.0,94.73124002128792,0.01786281618133244,0.0011111031464403696,542,58427.35608856088,2021-02,0.0,-1.4428232973175175e-12,22990678.85,10,0.0,0.0,1.0,2542.5,0.0,0.0002688773669383085,0.0,8.962578897943617e-05,True
748,Joel Corry x RAYE x David Guetta - BED [Official Video],mD2a9YzKV3w,2021-03-05,bed,157924.0,2760.0,29657435.0,80.0,93.33333333333333,94.51836083022884,0.005324937911859202,9.30626670849991e-05,537,55227.998137802606,2021-03,0.09,0.46899559358639586,46424.04000000001,10,0.0,0.1,0.9,140.4,0.09,5.429319299042235e-07,0.29590327428901314,0.12863460574031435,True
1295,"Offering People $100,000 To Quit Their Job",DuQbOQwVaNE,2021-03-13,mrbeast,2869906.0,119182.0,94508185.0,100.0,100.0,97.92442788717402,0.030366745483473203,0.0012610759586590304,529,178654.41398865785,2021-03,0.41,0.9219280948830342,881710337.4100001,10,0.1,0.1,0.8,15251.7,0.41,0.01031165523522975,0.5816718657171253,0.33399450698411837,True
1292,I Spent 50 Hours Buried Alive,9bqk6ZUsKyA,2021-03-27,mrbeast,6055504.0,239172.0,191988678.0,100.0,100.0,99.1484832357637,0.03154094326333139,0.001245760960966667,515,372793.5495145631,2021-03,0.65,1.1567796494427114,8755678463.24,10,0.2,0.1,0.7,57522.6,0.65,0.10239818433871196,0.7298466991616058,0.4940816278334393,True
1023,"ASMR SPICY BLACK BEAN ENOKI MUSHROOMS OCTOPUS ÏßúÏû•Î∂àÎã≠ ÌåΩÏù¥Î≤ÑÏÑØ, ÎÇôÏßÄ Î®πÎ∞© ÂíÄÂöºÈü≥„Åà„ÅÆ„Åç MUKBANG ZOEY ASMR",L_U7b1aWPY4,2021-04-09,mukbang,953712.0,35658.0,84410562.0,100.0,84.61538461538461,97.4454497072911,0.011298491295437649,0.0004224352871859804,502,168148.52988047808,2021-04,0.20999999999999996,0.8812908992278072,18689991.81,10,0.0,0.3,0.7,1893.7,0.20999999999999996,0.00021858057427353217,0.5560326498764911,0.25541707681692155,True
1093,4 A.M Study Session üìö - [lofi hip hop/chill beats],TURbeWK2wwg,2021-04-26,lofi,186218.0,5904.0,9803295.0,85.71428571428571,81.25,88.29164449175093,0.01899544999920945,0.0006022464895731486,485,20212.9793814433,2021-04,0.0,-1.4428232973175175e-12,11307784.09,10,0.0,0.0,1.0,2274.9,0.0,0.00013224521258649555,0.0,4.408173752883185e-05,True
436,Magic trick to solve Rubik&#39;s Cube#shorts,nZ7m5UDvfps,2021-04-29,cubes,428683.0,2964.0,12964069.0,100.0,86.66666666666667,90.63331559340074,0.033067010056796214,0.00022863192104269114,482,26896.408713692945,2021-04,0.44000000000000006,1.3609640474393532,2036896.0400000003,10,0.1,0.4,0.5,558.4,0.44000000000000006,2.3821621255096935e-05,0.8586727110729979,0.43289884423141767,True
1660,Marvel Studios Celebrates The Movies,QdpxoFcdORI,2021-05-03,marvel,626889.0,35593.0,14694097.0,100.0,88.23529411764706,91.48483235763703,0.042662642011958955,0.002422265213030784,478,30740.78870292887,2021-05,0.16000000000000003,0.7219280948844771,1036758.2899999998,10,0.0,0.2,0.8,865.9,0.16000000000000003,1.2124950332498042e-05,0.4554859150035144,0.20516601331794895,True
136,Impossible Moments in Sports,YaVp_xXotxo,2021-06-20,sports,56480.0,2515.0,12272628.0,100.0,100.0,90.42043640234168,0.004602111300041034,0.00020492758356237964,430,28540.99534883721,2021-06,0.16000000000000003,0.7219280948844771,427271.85,10,0.0,0.2,0.8,271.5,0.16000000000000003,4.996969891337502e-06,0.4554859150035144,0.2051636373244686,True
608,How To Introduce Yourself In An Interview! (The BEST ANSWER!),wexzvClUcUk,2021-07-04,interview,223844.0,3600.0,5847791.0,100.0,86.66666666666667,82.91644491750931,0.03827838580414382,0.0006156170766020879,416,14057.189903846154,2021-07,0.09,0.46899559358639586,1484369.76,10,0.0,0.1,0.9,660.8,0.09,1.73597932986502e-05,0.29590327428901314,0.1286402113607706,True
1158,The Biggest Myth In Education,rhgwIhB58PA,2021-07-09,education,431284.0,33369.0,10450206.0,100.0,92.85714285714286,89.08994145822246,0.04127038261255328,0.0031931427954625968,411,25426.29197080292,2021-07,0.8399999999999999,0.8812908992278072,241733240.6,10,0.3,0.0,0.7,7929.0,0.8399999999999999,0.0028270847354293156,0.5560326498764911,0.4662865782039735,True
421,EVERY RUBIK&#39;S CUBE FROM 1x1 TO 19x19,Zexcefmr0cY,2021-07-10,cubes,2025653.0,8188.0,58590655.0,100.0,100.0,96.64715274081959,0.034572970723744254,0.00013974924840829992,410,142904.03658536586,2021-07,0.6100000000000001,1.4854752972230063,3214537.0100000002,10,0.2,0.3,0.5,778.3,0.6100000000000001,3.759420297302544e-05,0.9372305632160154,0.5157560524729962,True
774,LAST TO LEAVE THE BED!!,7TVOSA2Jau8,2021-07-18,bed,362022.0,10409.0,11440455.0,100.0,85.71428571428571,89.94145822245876,0.03164402115125666,0.0009098414355023467,402,28458.84328358209,2021-07,0.16000000000000003,0.7219280948844771,4605863.24,10,0.0,0.2,0.8,1047.4,0.16000000000000003,5.3865846612404246e-05,0.4554859150035144,0.20517992695004228,True
139,Craziest &quot;Karma/Revenge&quot; Moments in Sports History,kwuIWZ9wRmw,2021-08-06,sports,60821.0,2638.0,12867358.0,100.0,92.85714285714286,90.58009579563597,0.004726766753516923,0.00020501489116880092,383,33596.23498694517,2021-08,0.69,1.5709505944503406,574817.6399999999,10,0.3,0.3,0.4,477.4,0.69,6.722526747525443e-06,0.9911594714322026,0.56038873131965,True
146,Craziest &quot;1 in a Trillion&quot; Moments in Sports History,RxhDx1gpoeo,2021-08-09,sports,127971.0,3938.0,20647398.0,100.0,100.0,93.18786588610963,0.006197923825559036,0.00019072621160303105,380,54335.257894736846,2021-08,0.65,1.1567796494427114,2688089.8899999997,10,0.2,0.1,0.7,989.9,0.65,3.143737235565305e-05,0.7298466991616058,0.4599593788446539,True
1617,*XBOX* Mod in Among Us,3okShyDl_UY,2021-08-24,xbox,466063.0,10976.0,8324871.0,100.0,89.47368421052632,86.80149015433742,0.055984411049732785,0.001318458868611898,365,22807.865753424656,2021-08,0.09,0.46899559358639586,22.84,10,0.0,0.1,0.9,7.6,0.09,2.6711516875766224e-10,0.29590327428901314,0.12863442485204277,True
1838,Machine Learning Course for Beginners,NWONeJKn6kc,2021-08-30,machine learning,300789.0,6254.0,11814893.0,100.0,91.30434782608695,90.26077700904736,0.025458461621277486,0.0005293319203144709,359,32910.56545961003,2021-08,0.24000000000000005,0.9709505944517833,622940.85,10,0.0,0.4,0.6,664.5,0.24000000000000005,7.285330572407686e-06,0.6126016192895494,0.28420296820670726,True
142,High IQ Moments in Sports,AbnjSelQYV8,2021-08-30,sports,84728.0,1451.0,10909239.0,87.5,86.95652173913044,89.40926024481108,0.007766627901359572,0.00013300652776971887,359,30387.85236768802,2021-08,0.48999999999999994,1.4854752972230063,21019.159999999996,10,0.2,0.5,0.3,131.8,0.48999999999999994,2.458203358381919e-07,0.9372305632160154,0.4757436030121171,True
1308,"Last To Leave Circle Wins $500,000",zxYjTTXc-J8,2021-08-31,mrbeast,4437532.0,109214.0,180766617.0,100.0,100.0,99.09526343799894,0.024548404310736203,0.0006041712889941398,358,504934.6843575419,2021-08,0.09,0.46899559358639586,2818630239.16,10,0.0,0.1,0.9,31163.8,0.09,0.03296404956211354,0.29590327428901314,0.1396224412837089,True
1317,"Extreme $500,000 Game Of Tag!",uocETPj4Jx4,2021-09-04,mrbeast,3136265.0,101503.0,79882619.0,80.0,95.83333333333334,97.33901011176157,0.03926091857353851,0.001270651879853864,354,225657.11581920905,2021-09,0.41,0.9219280948830342,1180585993.09,10,0.1,0.1,0.8,13399.1,0.41,0.013807023939455675,0.5816718657171253,0.335159629885527,True
1149,Damn Nature You Scary | Funny Scary Animal Encounters,XnitQYkYYcw,2021-09-08,animals,639942.0,23316.0,161103805.0,100.0,95.65217391304348,98.9888238424694,0.003972233927063361,0.00014472656310010804,350,460296.5857142857,2021-09,0.41,0.9219280948830342,94587170.6,10,0.8,0.1,0.1,4975.0,0.41,0.0011062026285958313,0.5816718657171253,0.330926022781907,True
818,trolling zoom classes... but my boat is sinking,llfQoYue0Yw,2021-09-12,trolling,455277.0,12904.0,9736125.0,85.71428571428571,80.76923076923077,88.18520489622139,0.04676162230867003,0.0013253732876272644,346,28139.08959537572,2021-09,0.65,1.1567796494427114,5933597.4,10,0.2,0.1,0.7,1540.0,0.65,6.939377718218152e-05,0.7298466991616058,0.459972030979596,True
168,Craziest &quot;Thinking outside the Box&quot; Moments in Sports History,szlhtejAMyM,2021-10-05,sports,132236.0,3715.0,15110047.0,100.0,95.45454545454545,91.80415114422566,0.008751528039588494,0.0002458629016838928,323,46780.331269349845,2021-10,0.09,0.46899559358639586,10534100.81,10,0.0,0.1,0.9,2062.7,0.09,0.00012319694026153137,0.29590327428901314,0.12867549040975823,True
941,US vs Japan McDonald&#39;s | Food Wars | Food Insider,eLeYCwv0j9Q,2021-10-17,food,158510.0,6026.0,8947796.0,100.0,95.23809523809523,87.38690792974987,0.017714976961924478,0.0006734619340896909,311,28771.048231511253,2021-10,0.09,0.46899559358639586,22318041.21,10,0.0,0.1,0.9,2588.7,0.09,0.00026101082942861693,0.29590327428901314,0.12872142837281392,True
184,Body Language Expert Explains How to Show Confidence | WIRED,VRJzvJ5XPQI,2021-10-18,how-to,295514.0,5266.0,8378324.0,85.71428571428571,90.9090909090909,86.90792974986695,0.035271254728272625,0.0006285266599859352,310,27026.851612903225,2021-10,0.16000000000000003,0.7219280948844771,45929110.239999995,10,0.0,0.2,0.8,3658.4,0.16000000000000003,0.0005371436967008263,0.4554859150035144,0.20534101956673842,True
685,What Was The Worst Time to Be Alive in History?,B2-aQ26Sk48,2021-10-20,history,144074.0,5273.0,6037721.0,80.0,87.5,83.28898350186269,0.0238623149363808,0.000873342772877382,308,19602.99025974026,2021-10,0.8100000000000002,1.2954618442339938,8841017.290000001,10,0.6,0.1,0.3,1623.1,0.8100000000000002,0.0001033962270318634,0.8173454221461778,0.5424829394577366,True
1297,"Last To Take Hand Off Lamborghini, Keeps It",qIsgdOVGA04,2021-10-23,mrbeast,3514143.0,129023.0,97578090.0,100.0,100.0,98.03086748270357,0.03601364814580814,0.0013222537969333076,305,319928.1639344262,2021-10,0.09,0.46899559358639586,689869575.6099999,10,0.0,0.1,0.9,14546.3,0.09,0.00806806602932758,0.29590327428901314,0.13132378010611356,True
460,Secret Rubik‚Äôs cube hiding spot ü§´ *Transforming Cubes* üò±,9y9hhI90Vk8,2021-11-02,cubes,738796.0,1960.0,24994827.0,100.0,94.44444444444444,94.03938265034593,0.029557956132282893,7.841622588546021e-05,295,84728.22711864406,2021-11,0.64,1.3709505944503406,406940.64,10,0.2,0.2,0.6,271.4,0.64,4.759195171976842e-06,0.8649735207176815,0.5016594266376179,True
445,Can You spot the Fake Rubik‚Äôs Cube? ü§î,LIdwACwZ7E4,2021-11-07,cubes,837671.0,5178.0,23535618.0,85.71428571428571,90.0,93.66684406599255,0.03559162967379909,0.00022000696986159446,290,81157.30344827587,2021-11,0.29000000000000004,1.1567796494427114,19548678.96,10,0.2,0.7,0.1,1782.2,0.29000000000000004,0.00022862297195226625,0.7298466991616058,0.3400251073778527,True
991,ASMR MUKBANG| ÏßÅÏ†ë ÎßåÎì† ÏπòÌÜ†Ïä§ ÏñëÎÖêÏπòÌÇ® ÏπòÏ¶àÏä§Ìã± Ìï´ÎèÑÍ∑∏ ÏßúÌååÍ≤åÌã∞ Î®πÎ∞© &amp; Î†àÏãúÌîº FRIED CHICKEN AND BLACK BEAN NOODLES EATING,HQsswovXtPU,2021-11-12,mukbang,861503.0,17975.0,79941868.0,100.0,96.15384615384616,97.39222990952634,0.010776618329709282,0.00022485088789769085,285,280497.7824561403,2021-11,0.25,0.9999999999971146,6574889.61,10,0.0,0.5,0.5,972.7,0.25,7.689372800955123e-05,0.6309297535716959,0.29366888243323513,True
492,9-Year-Old Boy Defeats A Professional Chess Streamer,CS3RauXJzBA,2021-11-23,chess,160983.0,6443.0,13844095.0,100.0,83.33333333333334,91.05907397551888,0.011628279060494745,0.00046539697972312384,274,50525.89416058394,2021-11,0.65,1.1567796494427114,31659672.04000001,10,0.2,0.1,0.7,2394.6,0.65,0.0003702617618115956,0.7298466991616058,0.4600723203078058,True
1286,"$456,000 Squid Game In Real Life!",0e3GPea1Tyg,2021-11-24,mrbeast,14259033.0,611757.0,285526909.0,100.0,100.0,99.41458222458755,0.04993936666053426,0.002142554626961622,273,1045886.1135531135,2021-11,0.6400000000000001,0.7219280948844771,85506188608.56,10,0.2,0.0,0.8,173962.2,0.6400000000000001,1.0,0.4554859150035144,0.6984953050011714,True
915,The Truth About Their Relationship (Official Music Video),66ChoYhqVh4,2021-11-25,music,365971.0,34419.0,35490831.0,90.9090909090909,92.5925925925926,95.1037786056413,0.010311705578266116,0.0009697997773002273,272,130480.99632352941,2021-11,0.0,-1.4428232973175175e-12,21078019.559999995,10,0.0,0.0,1.0,2355.2,0.0,0.0002465087019197331,0.0,8.21695673065777e-05,True
890,TOP 40 Songs of 2021 2022 \ Best English Songs  (Best Hit Music Playlist) on Spotify  @Sky Music PE,3jgH5weXYwA,2021-11-28,music,83707.0,1717.0,20548194.0,81.81818181818183,83.33333333333334,93.13464608834487,0.004073691342411893,8.355965492636481e-05,269,76387.33828996282,2021-11,0.24000000000000005,0.9709505944517833,246618.81,10,0.0,0.6,0.4,258.3,0.24000000000000005,2.8842217623451767e-06,0.6126016192895494,0.28420150117043724,True
853,ASMR for Those Who Want to Sleep Soundly Now / 3Hr (No Talking),-SYwOAe6V_4,2021-12-02,asmr,454036.0,6622.0,23568994.0,100.0,90.625,93.72006386375732,0.0192641230253612,0.00028096235248733993,265,88939.6,2021-12,0.44000000000000006,1.1567796494427114,11037046.440000001,10,0.1,0.2,0.7,2214.4,0.44000000000000006,0.00012907891954495426,0.7298466991616058,0.3899919260270503,True
591,Google ‚Äî Year In Search 2021,EqboAI-Vk-U,2021-12-08,google,169669.0,8630.0,239207161.0,100.0,96.66666666666667,99.30814262905801,0.0007092973274324341,3.60775152546541e-05,259,923579.7722007722,2021-12,0.20999999999999996,0.8812908992278072,1331671.44,10,0.0,0.3,0.7,919.6,0.20999999999999996,1.5573977295330957e-05,0.5560326498764911,0.25534940795126215,True
577,LIFE-SAVING GADGETS and EMERGENCY HACKS YOU SHOULD KNOW,PPXMc0sRDn0,2021-12-19,google,88325.0,1460.0,15836037.0,100.0,83.33333333333334,91.96381053751995,0.0055774686558259495,9.219478332868255e-05,248,63854.9879032258,2021-12,0.49000000000000005,1.4854752972230063,46.88999999999999,10,0.3,0.5,0.2,4.1,0.49000000000000005,5.483813600283179e-10,0.9372305632160154,0.4757435212547989,True
1078,Best of lofi hip hop 2021 ‚ú® - beats to relax/study to,n61ULEU7CO0,2021-12-31,lofi,187163.0,3835.0,13048900.0,83.33333333333334,87.87878787878788,90.6865353911655,0.014343201342641908,0.0002938945045176222,236,55291.94915254237,2021-12,0.45,1.2954618442339936,2607325.05,10,0.1,0.3,0.6,1071.5,0.45,3.0492822711770145e-05,0.8173454221461777,0.42245863832296315,True
590,Top New Comedy Video Amazing Funny Video 2021 Episode 117 By Guys Fun Ltd@CS Bisht Vines,beKk6mEWSuA,2021-12-31,google,135952.0,2131.0,32300300.0,100.0,96.96969696969697,94.83767961681747,0.004209001154788036,6.597461943077928e-05,236,136865.6779661017,2021-12,0.5599999999999999,1.5219280948830345,148.09,10,0.2,0.4,0.4,5.9,0.5599999999999999,1.7319214247514099e-09,0.960229717860689,0.5067432398642034,True
994,ASMR MUKBANG ÏßÅÏ†ë ÎßåÎì† ÌÉÄÌÇ§Ïä§ ÎåÄÏôï Í∞ÄÎûòÎñ° Îñ°Î≥∂Ïù¥ Î∂àÎã≠Î≥∂ÏùåÎ©¥ ÏπòÏ¶àÏä§Ìã± Ìï´ÎèÑÍ∑∏ Î®πÎ∞© &amp; Î†àÏãúÌîº FIRE NOODLES AND Tteokbokki EATING SOUND!,OrNmI0ArHdk,2022-01-06,mukbang,141654.0,2756.0,11184537.0,81.81818181818183,88.88888888888889,89.72857903139968,0.012665164414047716,0.0002464116306289657,230,48628.421739130434,2022-01,0.20999999999999996,0.8812908992278072,24407.489999999998,10,0.0,0.3,0.7,73.9,0.20999999999999996,2.8544705824435e-07,0.5560326498764911,0.25534431177451644,True
1141,35 Hero Animals that Saved Human Lives !,u9X5SQCDnio,2022-01-08,animals,280090.0,11424.0,37037129.0,100.0,100.0,95.36987759446514,0.007562411222532935,0.0003084472341255177,228,162443.54824561405,2022-01,0.41,0.9219280948830342,2962653.6399999997,10,0.1,0.1,0.8,880.4,0.41,3.464841186598521e-05,0.5816718657171253,0.3305688380429971,True
310,"FANTASTIC BEAUTY TUTORIAL | Amazing Hair Dyeing Techniques, Nail Art Ideas And Makeup Trends",h3Xpc1KoCbM,2022-01-09,tutorial,93094.0,1136.0,26355125.0,90.9090909090909,94.5945945945946,94.252261841405,0.0035322921063739975,4.310357093734141e-05,227,116101.87224669603,2022-01,0.16000000000000003,0.7219280948844771,25.45,10,0.0,0.2,0.8,3.5,0.16000000000000003,2.97639275169987e-10,0.4554859150035144,0.20516197176705123,True
568,The Scariest Things Found On Google Maps,OU1iQTp5r0k,2022-01-16,google,197069.0,5574.0,4676492.0,85.71428571428571,82.5,80.68121341138904,0.042140347936016995,0.001191919070961738,220,21256.78181818182,2022-01,0.09,0.46899559358639586,264683.9600000001,10,0.0,0.1,0.9,256.8,0.09,3.095494774205181e-06,0.29590327428901314,0.12863545659459577,True
1497,Computer Scientist Explains One Concept in 5 Levels of Difficulty | WIRED,fOGdb1CTu5c,2022-01-18,computer science,128268.0,4356.0,4991078.0,100.0,85.0,81.31985098456626,0.02569945811305694,0.0008727573482121498,218,22894.853211009173,2022-01,0.24000000000000005,0.9709505944517833,28814448.24,10,0.0,0.4,0.6,2988.6,0.24000000000000005,0.0003369866989617567,0.6126016192895494,0.28431286866283706,True
924,2Rare - &quot;Cupid Remix&quot; (Official Music Video),wrZ4o0gxNls,2022-01-25,music,152593.0,3290.0,15666598.0,100.0,91.17647058823529,91.9105907397552,0.009740021413710878,0.00021000092042956615,211,74249.27962085308,2022-01,0.36,0.46899559358639586,378282.41,10,0.1,0.0,0.9,387.7,0.36,4.424035454693747e-06,0.29590327428901314,0.21863589944148928,True
1290,World‚Äôs Most Dangerous Escape Room!,3jS_yEK8qVI,2022-01-29,mrbeast,3945358.0,145722.0,125670049.0,100.0,100.0,98.56306546035125,0.03139457676188222,0.0011595603022323958,207,607101.6859903382,2022-01,0.25,0.9999999999971146,230878400.48999995,10,0.0,0.5,0.5,5719.9,0.25,0.002700136729832989,0.6309297535716959,0.29454329676717633,True
1198,7 Security Build Hacks vs Pillagers - Minecraft,dUdp_MSKMwA,2022-02-23,minecraft,287909.0,6424.0,23169378.0,100.0,96.55172413793103,93.56040447046301,0.012426272297857975,0.0002772625143411273,182,127304.27472527472,2022-02,0.6100000000000001,1.4854752972230063,62.29,10,0.2,0.3,0.5,17.1,0.6100000000000001,7.284852829209624e-10,0.9372305632160154,0.5157435213148336,True
1476,Amazing Physics Toys/Gadgets 1,Y5dylh2aOiw,2022-02-26,physics,188472.0,5901.0,13829574.0,91.66666666666666,94.11764705882352,91.00585417775412,0.013628185510269513,0.00042669427127690267,179,77260.18994413408,2022-02,0.09,0.46899559358639586,4894493.24,10,0.0,0.1,0.9,1044.6,0.09,5.7241391759449957e-05,0.29590327428901314,0.1286535052269242,True
978,EXTREME Spicy Food TikTok Compilation 17 ü•µ,3QxV-Kb-__I,2022-02-26,food,75063.0,3724.0,12244410.0,83.33333333333334,91.17647058823529,90.36721660457691,0.006130389296013446,0.0003041387865973126,179,68404.52513966481,2022-02,0.44000000000000006,1.1567796494427114,6773.960000000001,10,0.1,0.2,0.7,60.8,0.44000000000000006,7.922186815051024e-08,0.7298466991616058,0.38994892612782467,True
630,Lil Durk - No Interviews (Official Audio),lGIG3dpMXEI,2022-03-11,interview,97646.0,2095.0,8339001.0,100.0,92.10526315789474,86.85470995210218,0.011709556096707508,0.0002512291340413558,166,50234.94578313253,2022-03,0.41,0.9219280948830342,232056.76,10,0.1,0.1,0.8,632.2,0.41,2.7139177149192786e-06,0.5816718657171253,0.33055819321161334,True
389,"Takeoff, Rich The Kid - Crypto (Official Video)",EPQJHNXdJfM,2022-03-11,crypto,182663.0,6456.0,6366422.0,88.88888888888889,89.47368421052632,84.24693986162852,0.028691626159874417,0.001014070383647204,166,38351.93975903615,2022-03,0.24000000000000005,0.9709505944517833,438606.83999999997,10,0.0,0.4,0.6,439.4,0.24000000000000005,5.129533278671846e-06,0.6126016192895494,0.28420224960760937,True
403,DON XHONI - CRYPTO (Prod. by Rzon &amp; Pllumb),rRlyx054z20,2022-03-12,crypto,95151.0,3859.0,11805668.0,100.0,92.10526315789474,90.20755721128259,0.008059772644800785,0.00032687688659379543,165,71549.50303030304,2022-03,0.24000000000000005,0.9709505944517833,3352.7599999999993,10,0.0,0.4,0.6,67.8,0.24000000000000005,3.921072912451574e-08,0.6126016192895494,0.2842005528334262,True
1654,Marvel Studios‚Äô Ms. Marvel | Official Trailer | Disney+,m9EX0f6V11Y,2022-03-15,marvel,833480.0,56565.0,23717752.0,100.0,100.0,93.77328366152209,0.035141610385335004,0.0023849224833786945,162,146405.8765432099,2022-03,0.09,0.46899559358639586,225856113.16,10,0.0,0.1,0.9,6233.8,0.09,0.002641400778532533,0.29590327428901314,0.12951489168918187,True
1287,"Would You Swim With Sharks For $100,000?",LnlKwzc_TNA,2022-03-19,mrbeast,2897163.0,104483.0,85522922.0,100.0,100.0,97.55188930282065,0.03387586546680433,0.0012216958630108545,158,541284.3164556962,2022-03,0.16000000000000003,0.7219280948844771,15975955.209999997,10,0.0,0.2,0.8,1939.7,0.16000000000000003,0.00018683975358949222,0.4554859150035144,0.20522425158570132,True
140,All Sports Golf Battle at The Masters,heIKaaamvdc,2022-04-02,sports,355223.0,6889.0,11181957.0,100.0,89.1891891891892,89.67535923363491,0.03176751618701449,0.0006160817824643754,144,77652.47916666667,2022-04,0.41,0.9219280948830342,47866815.05,10,0.1,0.1,0.8,3369.5,0.41,0.0005598052705767318,0.5816718657171253,0.33074389032923396,True
1284,"$10,000 Every Day You Survive Prison",hD1YtmKXNb4,2022-04-09,mrbeast,3550678.0,157803.0,93963115.0,100.0,100.0,97.81798829164448,0.037787997981974096,0.0016794143106047517,137,685862.1532846715,2022-04,0.16,0.7219280948844771,2261134698.4,10,0.0,0.2,0.8,23153.0,0.16,0.026444105803280285,0.4554859150035144,0.21397667360226488,True
1142,"Learn Family Animals: Cat, Horse, Cow, Chicken, Duck - Farm Animal Sounds - Part 2",4Co4mDeCIJ4,2022-04-14,animals,72612.0,1063.0,14914811.0,92.85714285714286,95.1219512195122,91.64449175093135,0.00486844922138135,7.12714361583261e-05,132,112990.99242424243,2022-04,0.20999999999999996,0.8812908992278072,12652.84,10,0.0,0.3,0.7,38.6,0.20999999999999996,1.4797572206058228e-07,0.5560326498764911,0.2553442659507377,True
599,"Elon Musk talks Twitter, Tesla and how his brain works ‚Äî live at TED2022",cdZZpaB2kDM,2022-04-14,interview,203216.0,17928.0,10786819.0,85.71428571428571,87.8048780487805,89.24960085151676,0.018839288950709195,0.0016620284441594877,132,81718.32575757576,2022-04,0.0,-1.4428232973175175e-12,14058473.809999999,10,0.0,0.0,1.0,1928.7,0.0,0.00016441469370548706,0.0,5.480489790182902e-05,True
1658,Marvel Studios&#39; Thor: Love and Thunder | Official Teaser,tgB1wUcmbbw,2022-04-18,marvel,1790536.0,68822.0,44424347.0,100.0,97.87234042553192,95.84885577434807,0.04030528574792557,0.0015491955346017803,128,347065.2109375,2022-04,0.64,1.3709505944503406,550302438.69,10,0.2,0.2,0.6,9218.9,0.64,0.006435819999055711,0.8649735207176815,0.5038031135722457,True
434,Infinite cube glitch? ü§î,5Ab5rhdwEQw,2022-04-18,cubes,867676.0,8428.0,16209382.0,93.33333333333333,95.74468085106383,92.0702501330495,0.05352924621062049,0.0005199457943553924,128,126635.796875,2022-04,0.49000000000000005,1.4854752972230063,3691189.090000001,10,0.3,0.5,0.2,1039.9,0.49000000000000005,4.3168677613476e-05,0.9372305632160154,0.4757579106312096,True
672,The Man Who Accidentally Killed The Most People In History,IV3dnLzthDA,2022-04-22,history,702117.0,41105.0,22100487.0,93.33333333333333,96.22641509433963,93.40074507716871,0.03176929992538174,0.0018599137657011812,124,178229.73387096773,2022-04,0.65,1.1567796494427114,506766279.84000003,10,0.7,0.1,0.2,9589.4,0.65,0.00592666201226595,0.7298466991616058,0.46192445372462393,True
785,We Build a Bunk Bed For Triplets,GkKDCgjHIOk,2022-04-25,bed,74840.0,1286.0,9224408.0,87.5,86.79245283018868,87.65300691857371,0.00811325778304689,0.00013941274063332846,121,76234.77685950413,2022-04,0.16000000000000003,0.7219280948844771,34.010000000000005,10,0.0,0.2,0.8,4.7,0.16000000000000003,3.9774898815447e-10,0.4554859150035144,0.20516197180042114,True
962,Busting 100 Food Myths in 24 Hours,lJ8PdLpbcd8,2022-04-30,food,140841.0,7330.0,10338163.0,100.0,86.53846153846155,89.03672166045769,0.013623406789001102,0.0007090234502976979,116,89122.0948275862,2022-04,0.24000000000000005,0.9709505944517833,207397.4,10,0.0,0.4,0.6,160.0,0.24000000000000005,2.4255250219308396e-06,0.6126016192895494,0.28420134827152377,True
561,Never Google this word...,qllLgFXbkxs,2022-05-01,google,261832.0,8894.0,8496353.0,80.0,83.01886792452831,87.01436934539649,0.0308169870060719,0.0010468020808457464,115,73881.3304347826,2022-05,0.24000000000000005,0.9709505944517833,1447595.7599999998,10,0.0,0.4,0.6,622.2,0.24000000000000005,1.692971916485448e-05,0.6126016192895494,0.28420618300290473,True
1024,ASMR MUKBANG ÏßÅÏ†ë ÎßåÎì† ÎåÄÏôï Í∞ÄÎûòÎñ° Îñ°Î≥∂Ïù¥ Î∂àÎã≠Î≥∂ÏùåÎ©¥ ÏÜåÏÑ∏ÏßÄ Î®πÎ∞© &amp; Î†àÏãúÌîº FIRE NOODLES AND CHEETOS Tteokbokki EATING SOUND!,goYbYzYgXDw,2022-05-03,mukbang,129100.0,2332.0,7846143.0,83.33333333333334,80.76923076923077,86.26929217668973,0.016453944313785766,0.00029721609713205587,113,69434.89380530974,2022-05,0.36000000000000004,0.46899559358639586,32727.690000000002,10,0.1,0.0,0.9,99.1,0.36000000000000004,3.82752295858076e-07,0.29590327428901314,0.21863455234710302,True
1321,Weirdest Things On Amazon!,wUoxbm9MUc0,2022-05-09,mrbeast,632277.0,19405.0,18492610.0,100.0,96.29629629629629,92.65566790846195,0.034190792970813746,0.0010493380869439199,107,172828.13084112148,2022-05,0.09,0.46899559358639586,12139419.96,10,0.0,0.1,0.9,1416.8,0.09,0.00014197124392449796,0.29590327428901314,0.12868174851097922,True
930,OneRepublic - I Ain‚Äôt Worried (From ‚ÄúTop Gun: Maverick‚Äù) [Official Music Video],mNEUkkoUoIA,2022-05-13,music,731644.0,8894.0,45665114.0,100.0,100.0,95.95529536987759,0.01602194620602502,0.00019476574612295943,103,443350.6213592233,2022-05,0.09,0.46899559358639586,149833207.69,10,0.0,0.1,0.9,5145.1,0.09,0.0017523083431530738,0.29590327428901314,0.1292185275440554,True
985,ASMR MUKBANG ÏßÅÏ†ë ÎßåÎì† ÏñëÎÖê ÏπòÌÇ®Î®πÎ∞©! Ïä§ÌÖåÏù¥ÌÅ¨ ÏßúÌååÍ≤åÌã∞ Î†àÏãúÌîº &amp; Î®πÎ∞© FRIED CHICKEN AND BLACK BEAN NOODLES EATING SOUND!,vXp3IzESmnw,2022-05-15,mukbang,281285.0,3360.0,17282158.0,88.88888888888889,93.10344827586206,92.33634912187334,0.016276034509116282,0.00019442016442622502,101,171110.47524752477,2022-05,0.09,0.46899559358639586,37525.16,10,0.0,0.1,0.9,146.8,0.09,4.388589950113081e-07,0.29590327428901314,0.12863457104933604,True
1667,Official Trailer | She-Hulk: Attorney at Law | Disney+,gim2kprjL50,2022-05-17,marvel,785650.0,55050.0,23973948.0,95.45454545454545,96.875,93.98616285258116,0.032770989575851256,0.002296242571311158,99,242161.0909090909,2022-05,0.9600000000000002,0.9709505944517833,348829417.49000007,10,0.4,0.0,0.6,9657.1,0.9600000000000002,0.0040795809422276,0.6126016192895494,0.525560400077259,True
1001,ASMR MUKBANG ÏßÅÏ†ë ÎßåÎì† ÌÉÄÌÇ§Ïä§ ÎåÄÏôï Í∞ÄÎûòÎñ° Îñ°Î≥∂Ïù¥ Î∂àÎã≠Î≥∂ÏùåÎ©¥ ÏπòÏ¶àÏä§Ìã± Ìï´ÎèÑÍ∑∏ Î®πÎ∞© &amp; Î†àÏãúÌîº FIRE NOODLES AND Tteokbokki EATING SOUND!,Jv7ZiuzZzrk,2022-05-21,mukbang,95162.0,2272.0,11235146.0,84.21052631578947,90.76923076923077,89.83501862692921,0.008470027892828452,0.0002022225612377445,95,118264.69473684211,2022-05,0.20999999999999996,0.8812908992278072,15417.810000000001,10,0.0,0.3,0.7,51.3,0.20999999999999996,1.8031221190996377e-07,0.5560326498764911,0.25534427672956767,True
1303,Most Unusual Houses!,IWWv3dq4Gb4,2022-05-21,mrbeast,378105.0,9251.0,13637506.0,89.47368421052632,92.3076923076923,90.95263437998936,0.027725377352721237,0.0006783498390394842,95,143552.6947368421,2022-05,0.36000000000000004,0.46899559358639586,1148104.69,10,0.1,0.0,0.9,412.9,0.36000000000000004,1.3427153153275545e-05,0.29590327428901314,0.21863890048072218,True
1299,World&#39;s Largest Experiment!,JeTkMdw6RK8,2022-05-22,mrbeast,598389.0,19760.0,25367316.0,100.0,98.4375,94.0926024481107,0.02358897567247556,0.0007789550932388747,94,269865.06382978725,2022-05,0.36000000000000004,0.46899559358639586,25304901.640000004,10,0.1,0.0,0.9,1870.6,0.36000000000000004,0.000295942341154319,0.29590327428901314,0.21873307221005586,True
1662,Marvel Studios&#39; Thor: Love and Thunder | Official Trailer,Go8nTmfrQd8,2022-05-24,marvel,1602939.0,61259.0,54583132.0,100.0,100.0,96.54071314529004,0.029366929695423122,0.001122306429759289,92,593294.9130434783,2022-05,0.65,1.1567796494427114,529953813.21000004,10,0.2,0.1,0.7,11519.3,0.65,0.006197841604612775,0.7298466991616058,0.46201484692207284,True
1313,Luckiest People Alive!,jgyTwWtvMdE,2022-05-27,mrbeast,446014.0,8278.0,20779962.0,91.66666666666666,94.73684210526315,93.2410856838744,0.021463658114485484,0.0003983645398389083,89,233482.7191011236,2022-05,0.09,0.46899559358639586,76011.69,10,0.0,0.1,0.9,144.9,0.09,8.889612697856877e-07,0.29590327428901314,0.12863472108342763,True
993,Celebrating My 400 Pound Milestone.... McDonald&#39;s Mukbang,-64r1hcxtV4,2022-05-30,mukbang,45628.0,17264.0,5283664.0,86.66666666666667,81.08108108108108,81.85204896221394,0.00863567403226246,0.0032674295716003136,86,61437.95348837209,2022-05,0.65,1.1567796494427114,177172555.4,10,0.2,0.1,0.7,5550.0,0.65,0.0020720436530165176,0.7298466991616058,0.4606395809382075,True
271,Lakeyah Ft. Latto - Mind Yo Business (Official Video),4hCogXAzONk,2022-06-03,business,146358.0,3790.0,7989628.0,100.0,88.0,86.53539116551357,0.018318499935165943,0.0004743650142409634,82,97434.48780487805,2022-06,0.0,-1.4428232973175175e-12,452143.56000000006,10,0.0,0.0,1.0,399.8,0.0,5.287846030301672e-06,0.0,1.7626153434338909e-06,True
1281,I Built Willy Wonka&#39;s Chocolate Factory!,Hwybp38GnZw,2022-06-04,mrbeast,4493972.0,177471.0,99698731.0,100.0,100.0,98.19052687599788,0.04507551856402264,0.0017800728075465675,81,1230848.5308641975,2022-06,0.36000000000000004,0.46899559358639586,691597206.41,10,0.1,0.0,0.9,13930.3,0.36000000000000004,0.008088270775067203,0.29590327428901314,0.2213305150213601,True
1646,Marvel‚Äôs Midnight Suns | ‚ÄúDarkness Falls‚Äù Trailer,WVZTsTXO3Nk,2022-06-09,marvel,283831.0,9805.0,12550897.0,94.11764705882352,89.6103896103896,90.5268759978712,0.02261439959231599,0.0007812190634661411,76,165143.38157894736,2022-06,0.36000000000000004,0.46899559358639586,102706208.69,10,0.1,0.0,0.9,4005.9,0.36000000000000004,0.0012011552656168575,0.29590327428901314,0.21903480985154333,True
160,1 IN A TRILLION MOMENTS IN SPORTS,3fT5K2SIXDQ,2022-06-12,sports,31796.0,555.0,6134948.0,94.73684210526315,86.8421052631579,83.60830228845131,0.005182766015294669,9.046531445743306e-05,73,84040.38356164383,2022-06,0.5600000000000002,1.5219280948830345,22603.96,10,0.4,0.4,0.2,95.8,0.5600000000000002,2.64354666812235e-07,0.960229717860689,0.5067433274051186,True
453,How to NOT use a cube stand‚Ä¶. ü§¶‚Äç‚ôÇÔ∏è,jnc2M_aLtiY,2022-06-12,cubes,356355.0,1413.0,5533307.0,89.47368421052632,85.52631578947368,82.4374667376264,0.06440181251464992,0.0002553626610632665,73,75798.72602739726,2022-06,0.48999999999999994,1.4854752972230063,1711530.2399999998,10,0.2,0.5,0.3,522.6,0.48999999999999994,2.001644872554475e-05,0.9372305632160154,0.47575019322158035,True
6,Tech Monopolies: Last Week Tonight with John Oliver (HBO),jXf04bhcjbg,2022-06-13,tech,135047.0,9367.0,5937790.0,90.47619047619048,85.71428571428571,83.18254390633315,0.0227436470471337,0.0015775229504579986,72,82469.30555555556,2022-06,0.69,1.5709505944503406,11923570.25,10,0.3,0.3,0.4,1921.5,0.69,0.0001394468686305863,0.9911594714322026,0.5604329727669444,True
1305,Extreme Moments Before Disaster!,5orcB4yyjoU,2022-06-14,mrbeast,385059.0,10374.0,17321080.0,100.0,93.5064935064935,92.38956891963811,0.02223065767261626,0.0005989233927676565,71,243958.87323943662,2022-06,0.16000000000000003,0.7219280948844771,51141325.96000001,10,0.0,0.2,0.8,2741.8,0.16000000000000003,0.000598100871904379,0.4554859150035144,0.2053613386251396,True
762,OVERNIGHT IN THE WORLD&#39;S MOST DANGEROUS BED!!,1EX3OPwzCJU,2022-06-21,bed,203103.0,5814.0,6644534.0,100.0,92.20779220779221,84.51303885045238,0.030566929148078705,0.0008750049288633333,64,103820.84375,2022-06,0.09,0.46899559358639586,1148528.3599999999,10,0.0,0.1,0.9,770.2,0.09,1.343210799931528e-05,0.29590327428901314,0.1286389021323375,True
975,Pakistan Street Food at Night!! Vegans Won‚Äôt Survive Here!!,vQMo2Sg1p-Y,2022-06-22,food,105355.0,7424.0,5547667.0,95.83333333333334,88.46153846153845,82.49068653539116,0.018990865890112004,0.001338220192379968,63,88058.20634920635,2022-06,0.0,-1.4428232973175175e-12,1782012.8900000001,10,0.0,0.0,1.0,720.1,0.0,2.0840747541185613e-05,0.0,6.9469158470618714e-06,True
457,Do metal ice cubes work?,kw1LyzdWaDo,2022-06-24,cubes,402045.0,2922.0,6742766.0,100.0,93.58974358974359,84.67269824374667,0.05962612375989319,0.00043335331524184585,61,110537.14754098361,2022-06,0.8099999999999999,1.2954618442339938,60200593.69,10,0.6,0.1,0.3,5176.9,0.8099999999999999,0.000704049550911375,0.8173454221461778,0.542683157232363,True
296,179 Minecraft Build Hacks!,sNRcVXkZjWM,2022-07-03,tutorial,205557.0,4239.0,7783157.0,100.0,95.94594594594594,86.10963278339541,0.026410491269802217,0.0005446376065650481,52,149676.09615384616,2022-07,0.25,0.9999999999971146,3419506.3600000003,10,0.0,0.5,0.5,812.8,0.25,3.999133180469787e-05,0.6309297535716959,0.2936565816345002,True
1324,Reacting To The World‚Äôs Most Satisfying Videos!,T1QUEKLNPtA,2022-07-05,mrbeast,381271.0,14433.0,15014572.0,100.0,98.64864864864865,91.69771154869612,0.02539339782712421,0.0009612661619658556,50,300291.44,2022-07,0.44000000000000006,1.1567796494427114,2634235.2399999998,10,0.1,0.2,0.7,810.6,0.44000000000000006,3.0807538996496536e-05,0.7298466991616058,0.3899591689002008,True
1318,World&#39;s Fastest Car!,nopEs-K4ExM,2022-07-09,mrbeast,557743.0,19706.0,21747698.0,100.0,100.0,93.34752527940394,0.025646070678377087,0.0009061188912959891,46,472776.04347826086,2022-07,0.09,0.46899559358639586,90646.49,10,0.0,0.1,0.9,136.1,0.09,1.0601161328213548e-06,0.29590327428901314,0.12863477813504864,True
536,iOS 16 Hands-On: Top 5 New Features!,WfVF-Ec4naQ,2022-07-11,apple,274209.0,9651.0,7544821.0,90.47619047619048,94.9367088607595,85.73709419904205,0.036344003389874986,0.0012791555956065757,44,171473.20454545456,2022-07,0.16000000000000003,0.7219280948844771,52203176.489999995,10,0.0,0.2,0.8,2781.9,0.16000000000000003,0.000610519277487407,0.4554859150035144,0.20536547809366726,True
1315,Surviving 100 Days In The Wilderness!,z6xXgUlBxwg,2022-07-12,mrbeast,319041.0,5526.0,9734303.0,94.73684210526315,95.94594594594594,88.13198509845662,0.03277491978624458,0.0005676831715634904,43,226379.13953488372,2022-07,0.0,-1.4428232973175175e-12,2184088.0,10,0.0,0.0,1.0,842.0,0.0,2.5543040048230515e-05,0.0,8.514346682743506e-06,True
439,TRICK To Solve Rubik Cube In Just 10 Seconds!!,axyNCiXeym8,2022-07-13,cubes,634419.0,7981.0,6170029.0,85.71428571428571,89.33333333333333,83.71474188398084,0.10282269337794037,0.0012935109381171466,42,146905.45238095237,2022-07,0.29000000000000004,1.1567796494427114,290487.44000000006,10,0.1,0.7,0.2,259.6,0.29000000000000004,3.397268019158551e-06,0.7298466991616058,0.33995003214320835,True
1323,People With Amazing Talent!,_t9LL1VcG3Q,2022-07-16,mrbeast,372266.0,6699.0,13545273.0,100.0,97.46835443037975,90.84619478445983,0.027483093179443484,0.0004945636754608046,39,347314.6923076923,2022-07,0.0,-1.4428232973175175e-12,8979371.609999998,10,0.0,0.0,1.0,1118.7,0.0,0.00010501428909557401,0.0,3.5004763031858006e-05,True
1643,I Am Groot | Official Trailer | Disney+,D7eFpRf4tac,2022-07-22,marvel,697363.0,18075.0,18609928.0,100.0,98.59154929577466,92.81532730175626,0.03747263288713422,0.000971255772725182,33,563937.2121212122,2022-07,0.65,1.1567796494427114,131879276.41,10,0.2,0.1,0.7,5752.3,0.65,0.001542336040888596,0.7298466991616058,0.4604630117341648,True
1282,"100 Girls Vs 100 Boys For $500,000",tVWWp1PqDus,2022-07-23,mrbeast,2946965.0,131040.0,71968133.0,100.0,100.0,97.17935071846728,0.04094819300092167,0.0018208058836262989,32,2249004.15625,2022-07,0.44000000000000006,1.1567796494427114,372528575.65,10,0.1,0.2,0.7,10589.5,0.44000000000000006,0.004356744017154172,0.7298466991616058,0.39140114772625334,True
1213,Minecraft NOOB vs PRO: MODERN SECRET BASE BUILD CHALLENGE,NSh5SW8jgKE,2022-07-24,minecraft,88340.0,2982.0,6734947.0,84.84848484848484,87.5,84.61947844598191,0.01311665852752813,0.00044276517691972927,31,217256.35483870967,2022-07,0.20999999999999996,0.8812908992278072,49.36,10,0.0,0.3,0.7,9.8,0.20999999999999996,5.772681580507096e-10,0.5560326498764911,0.25534421681791974,True
1639,Marvel Studios‚Äô Black Panther: Wakanda Forever | Official Teaser,RlOB3UALvrQ,2022-07-24,marvel,1435534.0,64164.0,36868871.0,96.96969696969697,98.86363636363636,95.31665779670038,0.038936207186816216,0.001740329938500151,31,1189318.4193548388,2022-07,0.0,-1.4428232973175175e-12,2767135554.8100004,10,0.0,0.0,1.0,18256.3,0.0,0.03236181614266202,0.0,0.010787272047554008,True
447,üò±2/2 Cube Solved in 1 second challenge#short #cube#tranding,CkhgF-bP2cc,2022-07-24,cubes,205854.0,338.0,4543326.0,81.81818181818183,85.22727272727273,80.36189462480043,0.0453090973441043,7.439483761455815e-05,31,146558.90322580645,2022-07,0.16000000000000003,0.7219280948844771,3.41,10,0.0,0.2,0.8,2.7,0.16000000000000003,3.9880154354799834e-11,0.4554859150035144,0.2051619716811315,True
1645,Marvel Studios&#39; Black Panther: Wakanda Forever | Official Hindi Teaser,ys2cEkHskH4,2022-07-24,marvel,162408.0,3151.0,14118968.0,87.87878787878788,93.18181818181817,91.2187333688132,0.011502823719127347,0.0002231749515970289,31,455450.5806451613,2022-07,0.41,0.9219280948830342,2612319.49,10,0.1,0.1,0.8,736.1,0.41,3.055123298687742e-05,0.5816718657171253,0.330567472316704,True
1641,Official Trailer | She-Hulk: Attorney at Law | Disney+,u7JsKhI2An0,2022-07-24,marvel,599842.0,39313.0,23222262.0,93.93939393939394,97.72727272727273,93.61362426822778,0.025830472500913134,0.0016929014064176865,31,749105.2258064516,2022-07,0.69,1.5709505944503406,3078361.8,10,0.3,0.3,0.4,1271.0,0.69,3.600162573135468e-05,0.9911594714322026,0.5603984910193113,True
1293,Most Expensive Hotel Room!,pgvBPAsDf2A,2022-07-25,mrbeast,374130.0,26390.0,10280971.0,86.11111111111111,91.11111111111111,88.87706226716338,0.03639053159472972,0.0025668781674415774,30,342699.0333333333,2022-07,0.0,-1.4428232973175175e-12,21290730.4,10,0.0,0.0,1.0,1963.0,0.0,0.00024899636794088834,0.0,8.299878931362945e-05,True
322,Tutorial üòç do u want to see the result? XO TEAM TIKTOK Elsarca #xoteam #elsarca #tiktok,ud9TRfHA1EM,2022-07-25,tutorial,375997.0,2031.0,7009241.0,83.33333333333334,86.66666666666667,84.93879723257052,0.05364304066588665,0.0002897603321101386,30,233641.36666666667,2022-07,0.44000000000000006,1.3609640474393532,419.15999999999997,10,0.1,0.4,0.5,9.2,0.44000000000000006,4.902101319459794e-09,0.8586727110729979,0.4328909053250331,True
1728,Military Tank Expert Rates 8 Tank Battles In Movies And TV | How Real Is It? | Insider,4mjvZrLnlCg,2022-07-26,movies,23915.0,311.0,6897438.0,82.5,86.31578947368422,84.72591804151143,0.00346722942634642,4.5089205586190116e-05,29,237842.6896551724,2022-07,0.64,1.3709505944503406,5528655.639999999,10,0.2,0.2,0.6,1394.6,0.64,6.465795903159372e-05,0.8649735207176815,0.5016793928922377,True
1325,100 Million Subscriber Livestream!,er5LLR2oCmg,2022-07-28,mrbeast,492024.0,41183.0,6968660.0,84.44444444444444,87.5,84.7791378392762,0.07060525265976529,0.005909744484592447,27,258098.5185185185,2022-07,0.0,-1.4428232973175175e-12,46619826.40999999,10,0.0,0.0,1.0,3061.7,0.0,0.0005452216637022796,0.0,0.00018174055456742652,True
1218,"Minecraft Speedrunner VS $1,000,000 MrBeast Challenge",wwkH0prchjQ,2022-07-30,minecraft,1251353.0,71682.0,18565979.0,95.91836734693877,95.6896551724138,92.76210750399149,0.06740032400122827,0.0038609329462238433,25,742639.16,2022-07,0.16000000000000003,0.7219280948844771,14667363.36,10,0.0,0.2,0.8,1572.8,0.16000000000000003,0.00017153569348232712,0.4554859150035144,0.20521915023233225,True
1326,"MrBeast Hit 100,000,000 Subs So I Did This...",k_Xwk6Afo1U,2022-07-30,mrbeast,201509.0,9784.0,6383519.0,81.63265306122449,85.34482758620689,84.30015965939329,0.03156707139118721,0.0015326969340891756,25,255340.76,2022-07,0.0,-1.4428232973175175e-12,30958284.240000002,10,0.0,0.0,1.0,1914.4,0.0,0.0003620589894577616,0.0,0.00012068632981925387,True
1309,"$1 Burger vs $10,000 Burger!",Xzkzp2Y1t0o,2022-08-02,mrbeast,367987.0,6645.0,11118461.0,97.5,92.6829268292683,89.56891963810537,0.03309693670733747,0.0005976546574206628,22,505384.5909090909,2022-08,0.09,0.46899559358639586,7588283.24,10,0.0,0.1,0.9,1105.4,0.09,8.874542724314975e-05,0.29590327428901314,0.12866400657208543,True
1280,"I Gave My 100,000,000th Subscriber An Island",2isYuQZMbdU,2022-08-04,mrbeast,3710978.0,224423.0,63310479.0,100.0,99.23076923076923,96.8068121341139,0.05861554135453627,0.003544800221776872,20,3165523.95,2022-08,0.20999999999999996,0.8812908992278072,692464256.9600002,10,0.0,0.3,0.7,15789.2,0.20999999999999996,0.008098410983210142,0.5560326498764911,0.25804368695323376,True
642,"Elon Musk Reveals His Knowledge on Aliens, Challenges Putin to UFC, and Predicts WW3",fXS_gkWAIs0,2022-08-05,interview,212578.0,27929.0,10730641.0,93.61702127659575,92.7007299270073,89.19638105375199,0.019810372931123126,0.002602733611160787,19,564770.5789473684,2022-08,0.09,0.46899559358639586,46080873.44000001,10,0.0,0.1,0.9,2673.6,0.09,0.0005389185764197057,0.29590327428901314,0.1288140642884776,True
7,I bought the STRANGEST TECH on the Internet.,2TqOmtTAMRY,2022-08-07,tech,216935.0,12605.0,4782514.0,92.5,85.3146853146853,80.84087280468334,0.04536003449231931,0.0026356430948241867,17,281324.35294117645,2022-08,0.36000000000000004,0.46899559358639586,4077252.6,10,0.1,0.0,0.9,1148.0,0.36000000000000004,4.7683713498976234e-05,0.29590327428901314,0.21865031933417076,True
1725,"Kabali | ‡¶ï‡¶æ‡¶¨‡¶æ‡¶≤‡¶ø | New Bangla Dubbed Tamil Movie 2022 | Rajinikanth, Radhika Apte | Pa Ranjith",GGhIbQyz_x4,2022-08-12,movies,31601.0,1250.0,6301646.0,98.36065573770492,90.3954802259887,83.98084087280469,0.005014721550528227,0.0001983608726989742,12,525137.1666666666,2022-08,0.09,0.46899559358639586,20391.29,10,0.0,0.9,0.1,155.9,0.09,2.384773585611397e-07,0.29590327428901314,0.12863450425545722,True
1327,Giving School Supplies To The Poorest Schools In America,STiUV6XXG4E,2022-08-12,mrbeast,494889.0,23110.0,7715681.0,100.0,93.78531073446328,86.00319318786589,0.06414067662983994,0.0029951989979886415,12,642973.4166666666,2022-08,0.36000000000000004,0.46899559358639586,20025139.610000003,10,0.1,0.0,0.9,2326.3,0.36000000000000004,0.0002341952078073948,0.29590327428901314,0.2187124898322735,True
1223,GROWING UP as RAINBOW FRIENDS In Minecraft!,nEqThvdVX2o,2022-08-14,minecraft,83345.0,4558.0,4452337.0,97.46835443037975,89.34010152284264,80.20223523150612,0.018719382652301476,0.0010237320310659322,10,445233.7,2022-08,0.16,0.7219280948844771,15927.609999999997,10,0.0,0.2,0.8,67.3,0.16,1.8627435346130595e-07,0.4554859150035144,0.2051620337592893,True
1289,100 Kids vs 1 Pro,fqq9TSkSe2U,2022-08-15,mrbeast,365592.0,7270.0,11123363.0,100.0,96.51741293532339,89.62213943587014,0.03286703850265428,0.0006535793176937586,9,1235929.2222222222,2022-08,0.09,0.46899559358639586,557179.76,10,0.0,0.1,0.9,316.8,0.09,6.516250683920917e-06,0.29590327428901314,0.12863659684656567,True
1698,BEST UPCOMING MOVIES 2022 &amp; 2023 (Trailers),5qs37JyMJrU,2022-08-17,movies,18106.0,325.0,7510904.0,97.95918367346938,94.8051948051948,85.68387440127727,0.002410628600764968,4.327042390636334e-05,7,1072986.2857142857,2022-08,0.44000000000000006,1.1567796494427114,1603.4,10,0.1,0.2,0.7,46.0,0.44000000000000006,1.8751859088705588e-08,0.7298466991616058,0.38994890597115495,True
223,How To Work For MrBeast,ieKAhG_gdCw,2022-08-18,how-to,421608.0,17009.0,5992730.0,96.11650485436894,92.43027888446214,83.23576370409792,0.07035324468147239,0.0028382723733590535,6,998788.3333333334,2022-08,0.0,-1.4428232973175175e-12,17975811.840000004,10,0.0,0.0,1.0,2133.4,0.0,0.000210228196724938,0.0,7.007606557497934e-05,True
1279,I Survived A Plane Crash,jdMNoQE3mIQ,2022-08-20,mrbeast,1962726.0,62540.0,37550877.0,100.0,99.33333333333333,95.4230973922299,0.05226844635346333,0.001665473751784812,4,9387719.25,2022-08,0.09,0.46899559358639586,288811413.7600001,10,0.0,0.1,0.9,9298.2,0.09,0.003377666791840694,0.29590327428901314,0.12976031369361793,True
1288,"100 Chicas VS 100 Chicos por 500,000 D√≥lares",zvkDF3Hvq-0,2022-08-20,mrbeast,207061.0,7997.0,4573945.0,96.94656488549617,92.33333333333333,80.46833422032996,0.04526967420902525,0.00174838132071986,4,1143486.25,2022-08,0.24000000000000005,0.9709505944517833,203217.24000000002,10,0.0,0.6,0.4,218.6,0.24000000000000005,2.3766378002218194e-06,0.6126016192895494,0.28420133197578323,True
1720,Lifetime Movies 2022 #LMN Movies | New Lifetime Movies Based On True Story #6,WC2LFmU8CNE,2022-08-21,movies,179555.0,6907.0,65067408.0,100.0,99.69969969969969,96.86003193187865,0.0027595228628132843,0.00010615145450392,3,21689136.0,2022-08,0.5555555555555556,1.4591479170229167,21.13888888888889,6,0.16666666666666666,0.3333333333333333,0.5,7.166666666666667,0.5555555555555556,2.4722057236887157e-10,0.9206198357141605,0.4920584638389789,True
1283,How Bubblegum Is Made!,8kWrN2bgvSA,2022-08-22,mrbeast,302909.0,7693.0,8097268.0,98.91304347826086,96.98630136986301,86.58861096327833,0.03740879022406076,0.0009500735309736568,2,4048634.0,2022-08,0.45,1.2954618442339936,2143980.6900000004,10,0.1,0.3,0.6,831.1,0.45,2.5073982654225885e-05,0.8173454221461777,0.422456832042944,True
1717,New Lifetime Movies 2022 - African American  #LMN Movies 2022 | Based On True Story #104,0-MwnC4nM1I,2022-08-23,movies,26505.0,794.0,5903244.0,98.03370786516854,96.42857142857143,83.07610431080363,0.004489904195049366,0.0001345023177087039,1,5903244.0,2022-08,0.0,-1.4428232973175175e-12,34.4,10,0.0,0.0,1.0,3.0,0.0,4.0231006152642646e-10,0.0,1.3410335384214216e-10,True
1702,"Gary Cooper, Anthony Perkins | Full War, Western Movie | Full Length | Friendly Persuasion English",HFah22ClwMg,2022-08-23,movies,354984.0,108099.0,8186585.0,99.15730337078652,98.30827067669173,86.69505055880788,0.04336167034239552,0.0132044069657861,1,8186585.0,2022-08,0.09,0.46899559358639586,140.44,10,0.0,0.1,0.9,15.6,0.09,1.6424542163014923e-09,0.29590327428901314,0.1286344253104891,True
1723,New Lifetime Movies (2022) #LMN Movies | Based On True Story (2022),8gj6deh-fWU,2022-08-23,movies,280080.0,7414.0,52046148.0,99.71910112359551,99.62406015037594,96.38105375199574,0.005381378080083852,0.00014245050373372492,1,52046148.0,2022-08,,-1.4428232973175175e-12,,1,0.0,1.0,0.0,0.0,,,0.0,0.0,True
1041,BLACKPINK - ‚ÄòPink Venom‚Äô DANCE PRACTICE VIDEO,RFMi3v0TXP8,2022-08-24,reaction,3001265.0,110162.0,23836066.0,99.51690821256038,99.50980392156863,93.85311335816924,0.12591276597404957,0.004621651911854918,1,23836066.0,2022-08,0.24000000000000005,0.9709505944517833,350698892.5,20,0.0,0.4,0.6,8278.0,0.24000000000000005,0.004101444564503623,0.6126016192895494,0.285567687951351,True
910,Jaana - Stebin Ben ft. Kamya Chaudhary | Jaani | Arvindr Khaira | Hunny Bunny | Desi Melodies,62O2-X7sJ_s,2022-08-24,music,242721.0,7745.0,5833454.0,98.55072463768117,97.54901960784314,82.86322511974454,0.04160845358513155,0.0013276868215640338,1,5833454.0,2022-08,0.0,-1.4428232973175175e-12,212.56000000000003,10,0.0,0.0,1.0,19.8,0.0,2.485901938315617e-09,0.0,8.28633979438539e-10,True
916,BLACKPINK - ‚ÄòPink Venom‚Äô DANCE PRACTICE VIDEO,RFMi3v0TXP8,2022-08-24,music,3001232.0,110160.0,23836066.0,99.51690821256038,99.50980392156863,93.85311335816924,0.12591138151740308,0.004621568005391494,1,23836066.0,2022-08,0.24000000000000005,0.9709505944517833,350698892.5,20,0.0,0.4,0.6,8278.0,0.24000000000000005,0.004101444564503623,0.6126016192895494,0.285567687951351,True
